,ad_id,reporting_start,reporting_end,campaign_id,fb_campaign_id,age,gender,interest1,interest2,interest3,impressions,clicks,spent,total_conversion,approved_conversion
0,708746,17/08/2017,17/08/2017,916.0,103916.0,30-34,M,15,17,17,7350,1,1.429999948,2,1
1,708749,17/08/2017,17/08/2017,916.0,103917.0,30-34,M,16,19,21,17861,2,1.820000023,2,0
2,708771,17/08/2017,17/08/2017,916.0,103920.0,30-34,M,20,25,22,693,0,0.0,1,0
3,708815,30/08/2017,30/08/2017,916.0,103928.0,30-34,M,28,32,32,4259,1,1.25,1,0
4,708818,17/08/2017,17/08/2017,916.0,103928.0,30-34,M,28,33,32,4133,1,1.289999962,1,1
5,708820,17/08/2017,17/08/2017,916.0,103929.0,30-34,M,29,30,30,1915,0,0.0,1,1
6,708889,17/08/2017,17/08/2017,916.0,103940.0,30-34,M,15,16,17,15615,3,4.769999981,1,0
7,708895,17/08/2017,17/08/2017,916.0,103941.0,30-34,M,16,20,18,10951,1,1.269999981,1,1
8,708953,17/08/2017,17/08/2017,916.0,103951.0,30-34,M,27,31,31,2355,1,1.5,1,0
9,708958,30/08/2017,30/08/2017,916.0,103952.0,30-34,M,28,32,31,9502,3,3.159999967,1,0
10,708979,30/08/2017,30/08/2017,916.0,103955.0,30-34,M,31,37,34,1224,0,0.0,1,0
11,709023,29/08/2017,29/08/2017,916.0,103962.0,30-34,M,7,8,8,735,0,0.0,1,0
12,709038,29/08/2017,29/08/2017,916.0,103965.0,30-34,M,16,20,22,5117,0,0.0,1,0
13,709040,29/08/2017,29/08/2017,916.0,103965.0,30-34,M,16,19,21,5120,0,0.0,1,0
14,709059,30/08/2017,30/08/2017,916.0,103968.0,30-34,M,20,26,23,14669,7,10.28000021,1,1
15,709105,30/08/2017,30/08/2017,916.0,103976.0,30-34,M,28,30,32,1241,0,0.0,1,1
16,709115,30/08/2017,30/08/2017,916.0,103978.0,30-34,M,30,34,31,2305,1,0.569999993,1,0
17,709124,30/08/2017,30/08/2017,916.0,103979.0,30-34,M,31,34,33,1024,0,0.0,1,1
18,709179,30/08/2017,30/08/2017,916.0,103988.0,35-39,M,15,16,17,4627,1,1.690000057,1,0
19,709183,30/08/2017,30/08/2017,916.0,103989.0,35-39,M,16,20,22,21026,4,4.630000114,2,1
20,709320,17/08/2017,17/08/2017,916.0,104012.0,35-39,M,15,21,20,1422,0,0.0,1,1
21,709323,17/08/2017,17/08/2017,916.0,104012.0,35-39,M,15,17,19,7132,2,2.609999895,1,0
22,709326,18/08/2017,18/08/2017,916.0,104013.0,35-39,M,16,22,22,12190,2,3.049999952,1,0
23,709327,18/08/2017,18/08/2017,916.0,104013.0,35-39,M,16,22,20,12193,2,3.059999943,1,1
24,709328,18/08/2017,18/08/2017,916.0,104013.0,35-39,M,16,19,18,3332,0,0.0,1,1
25,709455,18/08/2017,18/08/2017,916.0,104034.0,35-39,M,7,12,10,559,0,0.0,1,0
26,709544,18/08/2017,18/08/2017,916.0,104049.0,35-39,M,29,33,32,7440,2,2.980000019,1,1
27,709614,19/08/2017,19/08/2017,916.0,104061.0,40-44,M,16,19,20,19113,4,5.5200001,1,0
28,709756,19/08/2017,19/08/2017,916.0,104085.0,40-44,M,16,21,21,10976,2,1.690000057,1,1
29,709761,18/08/2017,18/08/2017,916.0,104085.0,40-44,M,16,19,20,2861,0,0.0,1,0
30,709899,18/08/2017,18/08/2017,916.0,104108.0,40-44,M,15,18,20,1398,0,0.0,1,1
31,709901,18/08/2017,18/08/2017,916.0,104109.0,40-44,M,16,18,20,23817,7,8.470000148,1,1
32,710045,17/08/2017,17/08/2017,916.0,104133.0,45-49,M,16,22,17,47224,12,15.82000017,1,0
33,710088,17/08/2017,17/08/2017,916.0,104140.0,45-49,M,24,26,27,2283,1,1.470000029,1,0
34,710360,17/08/2017,17/08/2017,916.0,104185.0,45-49,M,21,26,24,2182,1,1.529999971,1,1
35,710477,17/08/2017,17/08/2017,916.0,104205.0,30-34,F,16,19,19,2654,0,0.0,1,1
36,710480,17/08/2017,17/08/2017,916.0,104205.0,30-34,F,16,21,20,57665,14,18.06999969,1,1
37,710571,18/08/2017,18/08/2017,916.0,104220.0,30-34,F,32,37,38,3091,1,1.610000014,1,1
38,710617,18/08/2017,18/08/2017,916.0,104228.0,30-34,F,15,19,16,5014,1,1.190000057,1,0
39,710623,18/08/2017,18/08/2017,916.0,104229.0,30-34,F,16,19,20,38726,7,9.220000267,1,0
40,710628,17/08/2017,17/08/2017,916.0,104230.0,30-34,F,18,24,22,1473,0,0.0,1,0
41,710682,29/08/2017,29/08/2017,916.0,104239.0,30-34,F,27,33,32,1186,0,0.0,1,0
42,710763,29/08/2017,29/08/2017,916.0,104252.0,30-34,F,15,19,17,5369,1,1.50999999,1,0
43,710836,27/08/2017,27/08/2017,916.0,104265.0,30-34,F,29,33,31,22221,7,9.430000067,1,1
44,710867,26/08/2017,26/08/2017,916.0,104270.0,30-34,F,63,64,68,1185,0,0.0,1,0
45,710880,26/08/2017,26/08/2017,916.0,104272.0,30-34,F,65,70,68,13019,5,6.960000038,1,0
46,710961,27/08/2017,27/08/2017,916.0,104285.0,35-39,F,25,29,26,2508,1,1.220000029,1,0
47,710968,27/08/2017,27/08/2017,916.0,104287.0,35-39,F,27,31,29,5864,2,2.799999952,1,1
48,711217,27/08/2017,27/08/2017,916.0,104328.0,35-39,F,20,26,23,2783,1,1.600000024,1,0
49,711623,27/08/2017,27/08/2017,916.0,104396.0,40-44,F,15,18,20,3812,1,1.129999995,2,1
50,711764,27/08/2017,27/08/2017,916.0,104419.0,45-49,F,10,16,11,11199,4,5.730000019,1,1
51,711785,26/08/2017,26/08/2017,916.0,104423.0,45-49,F,19,25,23,292,0,0.0,1,0
52,711877,26/08/2017,26/08/2017,916.0,104438.0,45-49,F,63,67,65,17572,7,9.379999995,1,0
53,712052,25/08/2017,25/08/2017,916.0,104467.0,45-49,F,10,13,11,1448,0,0.0,1,1
54,734209,25/08/2017,25/08/2017,936.0,108654.0,30-34,M,10,16,14,1772,0,0.0,1,1
55,734210,25/08/2017,25/08/2017,936.0,108654.0,30-34,M,10,16,13,13329,4,5.629999995,1,1
56,734215,26/08/2017,26/08/2017,936.0,108655.0,30-34,M,15,19,17,13659,3,3.840000033,1,0
57,734243,26/08/2017,26/08/2017,936.0,108660.0,30-34,M,21,23,24,739,0,0.0,1,1
58,734266,26/08/2017,26/08/2017,936.0,108664.0,30-34,M,25,30,27,605,0,0.0,1,0
59,734272,26/08/2017,26/08/2017,936.0,108665.0,30-34,M,26,32,29,1030,0,0.0,1,0
60,734290,26/08/2017,26/08/2017,936.0,108668.0,30-34,M,29,32,35,5374,1,1.039999962,4,0
61,734313,26/08/2017,26/08/2017,936.0,108672.0,30-34,M,36,38,38,790,0,0.0,1,1
62,734314,27/08/2017,27/08/2017,936.0,108672.0,30-34,M,36,38,38,962,0,0.0,1,0
63,734352,27/08/2017,27/08/2017,936.0,108678.0,35-39,M,10,11,16,4423,1,1.460000038,1,1
64,734361,29/08/2017,29/08/2017,936.0,108680.0,35-39,M,16,19,19,12382,2,2.839999914,1,1
65,734381,29/08/2017,29/08/2017,936.0,108683.0,35-39,M,20,25,24,2938,1,1.350000024,1,1
66,734399,28/08/2017,28/08/2017,936.0,108686.0,35-39,M,23,24,27,239,0,0.0,1,0
67,734418,29/08/2017,29/08/2017,936.0,108689.0,35-39,M,26,27,28,591,0,0.0,1,0
68,734421,29/08/2017,29/08/2017,936.0,108690.0,35-39,M,27,29,32,10332,4,5.75,1,0
69,734427,29/08/2017,29/08/2017,936.0,108691.0,35-39,M,28,29,31,8259,3,3.980000019,1,0
70,734433,29/08/2017,29/08/2017,936.0,108692.0,35-39,M,29,35,31,12158,3,4.449999928,1,0
71,734582,29/08/2017,29/08/2017,936.0,108716.0,40-44,M,29,33,33,7709,2,1.320000052,2,0
72,734605,28/08/2017,28/08/2017,936.0,108720.0,40-44,M,36,37,41,834,0,0.0,1,0
73,734660,28/08/2017,28/08/2017,936.0,108729.0,45-49,M,18,22,23,1299,0,0.0,2,0
74,734666,28/08/2017,28/08/2017,936.0,108730.0,45-49,M,19,24,20,371,0,0.0,1,0
75,734726,28/08/2017,28/08/2017,936.0,108740.0,45-49,M,29,30,35,10466,3,4.090000033,1,0
76,734737,27/08/2017,27/08/2017,936.0,108742.0,45-49,M,31,37,33,839,0,0.0,1,0
77,734785,28/08/2017,28/08/2017,936.0,108750.0,30-34,F,10,13,13,5576,1,1.529999971,1,1
78,734794,28/08/2017,28/08/2017,936.0,108752.0,30-34,F,16,19,17,4010,0,0.0,1,0
79,734796,28/08/2017,28/08/2017,936.0,108752.0,30-34,F,16,22,17,39337,7,10.03000009,1,1
80,734800,28/08/2017,28/08/2017,936.0,108753.0,30-34,F,18,20,20,1635,0,0.0,1,0
81,734803,28/08/2017,28/08/2017,936.0,108753.0,30-34,F,18,19,21,1631,0,0.0,1,0
82,734852,28/08/2017,28/08/2017,936.0,108761.0,30-34,F,26,30,29,13479,3,4.25,1,0
83,734854,19/08/2017,19/08/2017,936.0,108762.0,30-34,F,27,33,32,57022,13,20.29000032,3,3
84,734856,19/08/2017,19/08/2017,936.0,108762.0,30-34,F,27,28,32,5453,1,1.389999986,1,1
85,734866,20/08/2017,20/08/2017,936.0,108764.0,30-34,F,29,32,31,11803,3,4.440000057,1,0
86,734881,20/08/2017,20/08/2017,936.0,108766.0,30-34,F,31,32,34,4259,1,1.570000052,1,1
87,734901,20/08/2017,20/08/2017,936.0,108770.0,30-34,F,64,70,68,1554,0,0.0,1,0
88,734903,20/08/2017,20/08/2017,936.0,108770.0,30-34,F,64,69,67,5323,1,1.289999962,1,1
89,734925,20/08/2017,20/08/2017,936.0,108774.0,35-39,F,10,11,12,5024,1,1.409999967,1,1
90,734939,20/08/2017,20/08/2017,936.0,108776.0,35-39,F,16,19,22,104648,24,33.33000004,4,2
91,734968,20/08/2017,20/08/2017,936.0,108781.0,35-39,F,22,25,27,8504,3,3.340000093,1,1
92,734999,20/08/2017,20/08/2017,936.0,108786.0,35-39,F,27,32,32,20277,6,8.050000072,1,0
93,735014,19/08/2017,19/08/2017,936.0,108788.0,35-39,F,29,34,30,12403,4,5.210000038,1,1
94,735032,19/08/2017,19/08/2017,936.0,108791.0,35-39,F,32,33,34,498,0,0.0,1,1
95,735033,18/08/2017,18/08/2017,936.0,108792.0,35-39,F,36,40,40,652,0,0.0,0,0
96,735043,18/08/2017,18/08/2017,936.0,108793.0,35-39,F,63,65,69,1357,0,0.0,1,1
97,735048,18/08/2017,18/08/2017,936.0,108794.0,35-39,F,64,65,68,1393,0,0.0,1,0
98,735065,19/08/2017,19/08/2017,936.0,108797.0,40-44,F,7,10,12,648,0,0.0,1,0
99,735109,19/08/2017,19/08/2017,936.0,108804.0,40-44,F,21,26,25,708,0,0.0,1,1
100,735140,19/08/2017,19/08/2017,936.0,108809.0,40-44,F,26,27,31,6907,2,2.349999964,1,0
101,735143,19/08/2017,19/08/2017,936.0,108810.0,40-44,F,27,28,30,39035,13,19.32999957,1,0
102,735151,19/08/2017,19/08/2017,936.0,108811.0,40-44,F,28,30,31,926,0,0.0,1,0
103,735184,19/08/2017,19/08/2017,936.0,108817.0,40-44,F,63,66,67,4412,1,1.450000048,1,0
104,735189,21/08/2017,21/08/2017,936.0,108818.0,40-44,F,64,65,66,9965,3,4.050000072,1,0
105,735213,21/08/2017,21/08/2017,936.0,108822.0,45-49,F,10,16,11,73634,23,32.97999978,1,0
106,735220,18/08/2017,18/08/2017,936.0,108823.0,45-49,F,15,17,17,69708,20,31.28999949,1,0
107,735242,18/08/2017,18/08/2017,936.0,108826.0,45-49,F,19,25,21,530,0,0.0,1,0
108,735247,18/08/2017,18/08/2017,936.0,108827.0,45-49,F,20,24,25,14257,6,8.789999962,1,0
109,735289,18/08/2017,18/08/2017,936.0,108834.0,45-49,F,27,30,30,20362,5,9.119999886,1,1
110,735290,18/08/2017,18/08/2017,936.0,108834.0,45-49,F,27,29,33,12215,4,6.26000011,1,0
111,735298,18/08/2017,18/08/2017,936.0,108836.0,45-49,F,29,31,32,85412,28,38.63999999,2,1
112,736869,18/08/2017,18/08/2017,936.0,109448.0,30-34,M,2,6,8,2338,1,0.239999995,1,0
113,736890,18/08/2017,18/08/2017,936.0,109451.0,30-34,M,15,16,20,2522,0,0.0,1,0
114,736893,18/08/2017,18/08/2017,936.0,109452.0,30-34,M,16,17,17,3587,0,0.0,1,0
115,736977,18/08/2017,18/08/2017,936.0,109470.0,30-34,M,27,30,28,1273,0,0.0,1,0
116,736988,21/08/2017,21/08/2017,936.0,109472.0,30-34,M,28,29,29,3891,1,1.090000033,1,0
117,736995,21/08/2017,21/08/2017,936.0,109473.0,30-34,M,29,34,34,1888,0,0.0,1,0
118,736997,21/08/2017,21/08/2017,936.0,109473.0,30-34,M,29,32,33,1895,0,0.0,1,0
119,737097,21/08/2017,21/08/2017,936.0,109498.0,35-39,M,7,10,11,715,0,0.0,1,0
120,737130,21/08/2017,21/08/2017,936.0,109507.0,35-39,M,16,19,18,11199,2,2.680000067,1,0
121,737320,18/08/2017,18/08/2017,936.0,109553.0,35-39,M,63,64,66,5676,2,3.00999999,1,0
122,737375,21/08/2017,21/08/2017,936.0,109565.0,40-44,M,10,11,11,1415,0,0.0,1,0
123,737524,21/08/2017,21/08/2017,936.0,109601.0,40-44,M,30,34,33,2148,1,1.580000043,1,1
124,737644,21/08/2017,21/08/2017,936.0,109629.0,45-49,M,16,22,17,45401,10,14.06000042,1,0
125,737657,18/08/2017,18/08/2017,936.0,109633.0,45-49,M,18,23,20,7478,2,2.900000095,1,1
126,737658,18/08/2017,18/08/2017,936.0,109633.0,45-49,M,18,19,24,4919,1,1.590000033,1,0
127,737674,20/08/2017,20/08/2017,936.0,109637.0,45-49,M,20,21,24,533,0,0.0,1,1
128,737766,20/08/2017,20/08/2017,936.0,109659.0,45-49,M,29,33,33,1447,0,0.0,1,1
129,737896,20/08/2017,20/08/2017,936.0,109689.0,30-34,F,16,21,22,17553,3,4.590000153,1,0
130,737931,20/08/2017,20/08/2017,936.0,109698.0,30-34,F,20,26,24,3343,1,0.540000021,1,0
131,737961,20/08/2017,20/08/2017,936.0,109706.0,30-34,F,23,29,28,523,0,0.0,1,0
132,737995,20/08/2017,20/08/2017,936.0,109714.0,30-34,F,26,27,31,1873,0,0.0,1,0
133,738006,20/08/2017,20/08/2017,936.0,109717.0,30-34,F,27,29,32,34740,7,13.41000009,1,1
134,738067,20/08/2017,20/08/2017,936.0,109731.0,30-34,F,32,37,36,658,0,0.0,1,0
135,738098,20/08/2017,20/08/2017,936.0,109738.0,30-34,F,64,70,68,1539,0,0.0,1,0
136,738307,20/08/2017,20/08/2017,936.0,109788.0,35-39,F,31,36,36,3010,1,0.860000014,1,1
137,738389,19/08/2017,19/08/2017,936.0,109808.0,40-44,F,10,16,12,27081,9,10.77000046,1,1
138,738408,19/08/2017,19/08/2017,936.0,109813.0,40-44,F,16,22,22,20233,4,5.590000153,3,0
139,738413,19/08/2017,19/08/2017,936.0,109813.0,40-44,F,16,17,19,147159,36,58.16000044,3,1
140,738423,19/08/2017,19/08/2017,936.0,109816.0,40-44,F,18,20,24,21664,7,10.61999977,1,1
141,738436,19/08/2017,19/08/2017,936.0,109820.0,40-44,F,19,21,20,9112,4,5.460000038,1,1
142,738463,20/08/2017,20/08/2017,936.0,109826.0,40-44,F,21,23,24,542,0,0.0,1,0
143,738528,19/08/2017,19/08/2017,936.0,109839.0,40-44,F,30,34,33,402,0,0.0,1,1
144,738560,19/08/2017,19/08/2017,936.0,109844.0,40-44,F,64,70,66,1338,0,0.0,1,0
145,738582,19/08/2017,19/08/2017,936.0,109848.0,45-49,F,10,16,12,46150,15,20.17999983,1,1
146,738592,20/08/2017,20/08/2017,936.0,109850.0,45-49,F,16,22,20,493821,116,176.3799977,4,1
147,738593,20/08/2017,20/08/2017,936.0,109850.0,45-49,F,16,17,21,92011,27,34.39000046,2,1
148,738598,21/08/2017,21/08/2017,936.0,109851.0,45-49,F,18,23,24,12956,4,5.49000001,1,1
149,738606,21/08/2017,21/08/2017,936.0,109852.0,45-49,F,19,20,23,529,0,0.0,1,0
150,738637,21/08/2017,21/08/2017,936.0,109857.0,45-49,F,24,26,30,944,1,1.419999957,1,0
151,738648,18/08/2017,18/08/2017,936.0,109859.0,45-49,F,26,30,27,111090,38,51.97000027,5,1
152,747212,18/08/2017,18/08/2017,936.0,110836.0,30-34,M,10,16,14,7208,2,3.190000057,1,0
153,747213,18/08/2017,18/08/2017,936.0,110836.0,30-34,M,10,12,11,1746,0,0.0,1,0
154,747220,18/08/2017,18/08/2017,936.0,110837.0,30-34,M,15,17,16,2474,0,0.0,2,2
155,747222,18/08/2017,18/08/2017,936.0,110838.0,30-34,M,16,22,20,12489,2,1.960000038,1,0
156,747223,18/08/2017,18/08/2017,936.0,110838.0,30-34,M,16,18,18,8032,1,0.600000024,2,0
157,747248,21/08/2017,21/08/2017,936.0,110842.0,30-34,M,21,24,24,472,0,0.0,1,1
158,747332,21/08/2017,21/08/2017,936.0,110856.0,30-34,M,64,68,65,792,0,0.0,1,1
159,747362,21/08/2017,21/08/2017,936.0,110861.0,35-39,M,15,16,18,4607,1,1.149999976,1,1
160,747369,21/08/2017,21/08/2017,936.0,110862.0,35-39,M,16,17,21,13355,2,3.180000067,1,1
161,747370,20/08/2017,20/08/2017,936.0,110862.0,35-39,M,16,17,19,2936,0,0.0,1,0
162,747401,21/08/2017,21/08/2017,936.0,110867.0,35-39,M,22,25,25,2793,1,0.980000019,1,1
163,747435,21/08/2017,21/08/2017,936.0,110873.0,35-39,M,28,29,30,1032,0,0.0,1,0
164,747439,21/08/2017,21/08/2017,936.0,110874.0,35-39,M,29,35,33,1662,0,0.0,1,1
165,747489,21/08/2017,21/08/2017,936.0,110882.0,40-44,M,2,7,6,4016,2,1.480000049,1,1
166,747514,21/08/2017,21/08/2017,936.0,110886.0,40-44,M,16,20,17,14843,3,2.939999938,1,1
167,747645,21/08/2017,21/08/2017,936.0,110908.0,45-49,M,10,14,13,9674,3,4.600000024,1,1
168,747659,25/08/2017,25/08/2017,936.0,110910.0,45-49,M,16,21,17,12186,2,2.669999957,1,0
169,747675,25/08/2017,25/08/2017,936.0,110913.0,45-49,M,20,22,21,673,0,0.0,1,0
170,747678,25/08/2017,25/08/2017,936.0,110914.0,45-49,M,21,27,23,370,0,0.0,1,1
171,747712,24/08/2017,24/08/2017,936.0,110919.0,45-49,M,26,30,29,450,0,0.0,1,1
172,747790,24/08/2017,24/08/2017,936.0,110932.0,30-34,F,10,12,14,2077,0,0.0,1,1
173,747791,25/08/2017,25/08/2017,936.0,110932.0,30-34,F,10,14,13,31393,8,10.96000051,1,1
174,747795,25/08/2017,25/08/2017,936.0,110933.0,30-34,F,15,21,18,8410,2,2.359999895,1,1
175,747798,25/08/2017,25/08/2017,936.0,110934.0,30-34,F,16,21,20,25884,5,7.350000143,1,0
176,747824,25/08/2017,25/08/2017,936.0,110938.0,30-34,F,21,24,23,608,0,0.0,1,1
177,747828,25/08/2017,25/08/2017,936.0,110939.0,30-34,F,22,24,24,28488,10,9.340000033,1,0
178,747852,24/08/2017,24/08/2017,936.0,110943.0,30-34,F,26,32,32,10126,3,4.619999886,1,0
179,747859,24/08/2017,24/08/2017,936.0,110944.0,30-34,F,27,32,33,22572,5,8.5,1,0
180,747863,24/08/2017,24/08/2017,936.0,110944.0,30-34,F,27,30,33,1955,0,0.0,1,1
181,747879,24/08/2017,24/08/2017,936.0,110947.0,30-34,F,30,36,31,493,0,0.0,1,0
182,747903,24/08/2017,24/08/2017,936.0,110951.0,30-34,F,63,69,69,1491,0,0.0,1,1
183,747911,24/08/2017,24/08/2017,936.0,110952.0,30-34,F,64,66,66,1495,0,0.0,1,1
184,747968,24/08/2017,24/08/2017,936.0,110962.0,35-39,F,21,27,24,512,0,0.0,0,0
185,747991,24/08/2017,24/08/2017,936.0,110966.0,35-39,F,25,31,27,4868,2,2.420000076,1,0
186,748000,24/08/2017,24/08/2017,936.0,110967.0,35-39,F,26,27,32,6585,2,2.950000048,1,0
187,748007,24/08/2017,24/08/2017,936.0,110968.0,35-39,F,27,29,28,10164,2,3.720000029,1,1
188,748014,24/08/2017,24/08/2017,936.0,110970.0,35-39,F,29,31,35,11182,4,4.449999809,1,0
189,748045,25/08/2017,25/08/2017,936.0,110975.0,35-39,F,63,69,64,1238,0,0.0,1,0
190,748086,25/08/2017,25/08/2017,936.0,110982.0,40-44,F,16,19,18,34127,8,13.07000017,1,0
191,748087,26/08/2017,26/08/2017,936.0,110982.0,40-44,F,16,22,19,29466,7,10.84999967,2,0
192,748089,26/08/2017,26/08/2017,936.0,110982.0,40-44,F,16,18,21,38759,9,10.84999967,1,0
193,748091,26/08/2017,26/08/2017,936.0,110982.0,40-44,F,16,17,19,41720,10,12.06000006,1,1
194,748225,26/08/2017,26/08/2017,936.0,111005.0,45-49,F,15,16,17,18602,5,8.860000134,1,0
195,748230,26/08/2017,26/08/2017,936.0,111006.0,45-49,F,16,17,20,83929,21,27.72999954,4,1
196,748231,27/08/2017,27/08/2017,936.0,111006.0,45-49,F,16,18,21,25194,6,7.349999905,1,0
197,748233,27/08/2017,27/08/2017,936.0,111006.0,45-49,F,16,22,18,78627,19,26.53000045,1,0
198,748235,26/08/2017,26/08/2017,936.0,111006.0,45-49,F,16,18,19,102695,25,39.42999983,3,0
199,748294,26/08/2017,26/08/2017,936.0,111016.0,45-49,F,27,32,31,82827,24,47.93000031,3,0
200,748295,26/08/2017,26/08/2017,936.0,111016.0,45-49,F,27,31,32,9240,3,6.039999962,1,0
201,748303,25/08/2017,25/08/2017,936.0,111018.0,45-49,F,29,32,33,7706,2,2.369999886,1,0
202,748314,25/08/2017,25/08/2017,936.0,111020.0,45-49,F,31,34,32,7821,4,6.340000153,1,1
203,748341,25/08/2017,25/08/2017,936.0,111024.0,45-49,F,64,67,68,1363,0,0.0,1,1
204,776318,25/08/2017,25/08/2017,936.0,115484.0,45-49,F,15,16,19,3569,0,0.0,1,1
205,776322,25/08/2017,25/08/2017,936.0,115485.0,45-49,F,16,21,20,119063,34,53.21999949,1,0
206,776323,26/08/2017,26/08/2017,936.0,115485.0,45-49,F,16,17,18,99078,23,35.79999948,2,0
207,776325,26/08/2017,26/08/2017,936.0,115485.0,45-49,F,16,19,20,452398,114,180.2200012,1,0
208,776334,26/08/2017,26/08/2017,936.0,115487.0,45-49,F,10,12,16,191223,48,76.41000056,1,0
209,776336,26/08/2017,26/08/2017,936.0,115487.0,45-49,F,10,15,14,22216,6,9.549999952,1,0
210,776338,23/08/2017,23/08/2017,936.0,115487.0,45-49,F,10,12,11,48291,11,18.01999998,1,0
211,776353,23/08/2017,23/08/2017,936.0,115490.0,40-44,F,63,66,67,27559,8,13.37,1,0
212,776373,21/08/2017,21/08/2017,936.0,115493.0,45-49,F,25,27,27,10194,4,4.590000033,2,1
213,776383,21/08/2017,21/08/2017,936.0,115495.0,45-49,F,23,27,29,1168,0,0.0,1,1
214,776405,21/08/2017,21/08/2017,936.0,115498.0,45-49,F,21,25,22,40126,16,25.86000001,1,0
215,776416,21/08/2017,21/08/2017,936.0,115500.0,45-49,F,19,22,20,3659,1,0.49000001,1,1
216,776430,22/08/2017,22/08/2017,936.0,115503.0,30-34,M,10,14,16,3200,0,0.0,1,0
217,776464,22/08/2017,22/08/2017,936.0,115508.0,45-49,F,29,30,31,7550,1,1.679999948,1,1
218,776469,22/08/2017,22/08/2017,936.0,115509.0,45-49,F,28,33,29,45397,15,25.41999936,1,1
219,776473,22/08/2017,22/08/2017,936.0,115510.0,30-34,M,16,22,22,23086,2,3.310000062,1,1
220,776475,21/08/2017,21/08/2017,936.0,115510.0,30-34,M,16,21,20,16425,1,1.549999952,1,0
221,776476,21/08/2017,21/08/2017,936.0,115510.0,30-34,M,16,17,18,43756,5,5.439999938,0,0
222,776477,21/08/2017,21/08/2017,936.0,115510.0,30-34,M,16,22,17,9982,0,0.0,1,0
223,776489,21/08/2017,21/08/2017,936.0,115512.0,45-49,F,26,31,28,175389,55,81.60999787,1,0
224,776494,21/08/2017,21/08/2017,936.0,115513.0,30-34,M,15,16,16,7015,0,0.0,1,0
225,776515,21/08/2017,21/08/2017,936.0,115517.0,45-49,F,65,68,68,12706,3,4.98999989,1,1
226,776519,21/08/2017,21/08/2017,936.0,115517.0,45-49,F,65,71,67,70702,20,31.7099998,1,0
227,776533,21/08/2017,21/08/2017,936.0,115520.0,45-49,F,63,64,68,63927,16,25.52000046,2,0
228,776534,21/08/2017,21/08/2017,936.0,115520.0,45-49,F,63,69,67,15105,3,4.25999999,1,0
229,776538,21/08/2017,21/08/2017,936.0,115521.0,30-34,F,15,16,19,8774,1,1.830000043,1,0
230,776551,21/08/2017,21/08/2017,936.0,115523.0,30-34,F,16,18,22,14459,1,1.389999986,1,0
231,776552,22/08/2017,22/08/2017,936.0,115523.0,30-34,F,16,17,18,21596,2,2.809999943,1,0
232,776553,22/08/2017,22/08/2017,936.0,115523.0,30-34,F,16,21,17,66765,8,11.04999971,1,0
233,776563,23/08/2017,23/08/2017,936.0,115525.0,30-34,F,7,9,13,1369,0,0.0,1,1
234,776579,23/08/2017,23/08/2017,936.0,115527.0,30-34,F,10,13,14,26910,5,7.229999781,1,0
235,776603,23/08/2017,23/08/2017,936.0,115531.0,30-34,F,2,3,6,506,0,0.0,1,0
236,776615,23/08/2017,23/08/2017,936.0,115533.0,45-49,M,63,66,68,11988,3,4.269999862,1,0
237,776623,23/08/2017,23/08/2017,936.0,115535.0,45-49,M,64,69,65,19353,6,9.4799999,1,1
238,776631,23/08/2017,23/08/2017,936.0,115536.0,40-44,M,29,35,33,10960,2,2.890000105,1,0
239,776643,23/08/2017,23/08/2017,936.0,115538.0,30-34,M,15,18,18,33491,6,10.56999969,2,1
240,776644,23/08/2017,23/08/2017,936.0,115538.0,30-34,M,15,21,20,20083,2,3.200000048,2,1
241,776659,23/08/2017,23/08/2017,936.0,115541.0,30-34,M,16,19,22,8817,0,0.0,1,1
242,776661,23/08/2017,23/08/2017,936.0,115541.0,30-34,M,16,18,22,15466,1,0.970000029,1,0
243,776662,22/08/2017,22/08/2017,936.0,115541.0,30-34,M,16,18,22,27072,3,4.370000005,1,0
244,776663,22/08/2017,22/08/2017,936.0,115541.0,30-34,M,16,19,22,15753,1,0.569999993,1,1
245,776668,22/08/2017,22/08/2017,936.0,115542.0,40-44,M,19,21,24,3523,1,1.809999943,1,1
246,776685,22/08/2017,22/08/2017,936.0,115545.0,40-44,M,16,22,17,7745,0,0.0,1,0
247,776686,22/08/2017,22/08/2017,936.0,115545.0,40-44,M,16,17,21,18709,2,3.319999933,1,0
248,776687,23/08/2017,23/08/2017,936.0,115545.0,40-44,M,16,20,20,8022,0,0.0,2,1
249,776696,22/08/2017,22/08/2017,936.0,115547.0,30-34,M,10,11,12,7966,1,1.179999948,1,1
250,776697,22/08/2017,22/08/2017,936.0,115547.0,30-34,M,10,14,13,4132,0,0.0,1,1
251,776698,22/08/2017,22/08/2017,936.0,115547.0,30-34,M,10,14,16,12785,3,4.730000019,2,1
252,776699,27/08/2017,27/08/2017,936.0,115547.0,30-34,M,10,16,16,8213,1,1.379999995,1,1
253,776722,27/08/2017,27/08/2017,936.0,115551.0,30-34,M,2,4,7,545,0,0.0,1,1
254,776725,22/08/2017,22/08/2017,936.0,115552.0,40-44,M,23,26,27,2479,1,1.25999999,1,0
255,776780,22/08/2017,22/08/2017,936.0,115561.0,40-44,M,2,4,3,3812,2,3.049999952,1,0
256,776793,22/08/2017,22/08/2017,936.0,115563.0,45-49,M,21,23,26,1609,0,0.0,1,0
257,776799,22/08/2017,22/08/2017,936.0,115564.0,45-49,M,20,22,26,10257,3,3.579999924,1,1
258,776817,22/08/2017,22/08/2017,936.0,115567.0,40-44,M,10,14,16,12356,4,6.279999971,1,0
259,776825,23/08/2017,23/08/2017,936.0,115568.0,45-49,M,18,23,20,7410,1,1.210000038,1,0
260,776829,23/08/2017,23/08/2017,936.0,115569.0,45-49,M,16,20,19,140098,28,46.63000011,1,0
261,776831,22/08/2017,22/08/2017,936.0,115569.0,45-49,M,16,18,20,107021,20,34.44000012,1,0
262,776840,22/08/2017,22/08/2017,936.0,115571.0,35-39,M,36,38,40,2797,1,1.289999962,1,0
263,776861,22/08/2017,22/08/2017,936.0,115574.0,45-49,M,7,9,12,16461,6,9.21999979,1,0
264,776892,30/08/2017,30/08/2017,936.0,115580.0,40-44,M,63,66,69,17488,5,7.719999909,1,0
265,776928,30/08/2017,30/08/2017,936.0,115586.0,35-39,M,10,11,15,9750,2,1.5,1,1
266,776935,30/08/2017,30/08/2017,936.0,115587.0,45-49,M,36,41,38,1136,0,0.0,1,1
267,777105,30/08/2017,30/08/2017,936.0,115615.0,45-49,M,63,67,67,4333,1,0.180000007,1,1
268,777130,30/08/2017,30/08/2017,936.0,115619.0,35-39,M,16,21,22,6260,0,0.0,1,0
269,777131,22/08/2017,22/08/2017,936.0,115619.0,35-39,M,16,19,21,6359,0,0.0,1,0
270,777166,30/08/2017,30/08/2017,936.0,115625.0,30-34,M,63,69,65,2383,0,0.0,1,1
271,777187,30/08/2017,30/08/2017,936.0,115629.0,40-44,M,27,31,28,11292,3,5.389999866,1,1
272,777198,30/08/2017,30/08/2017,936.0,115631.0,30-34,M,64,70,69,12729,4,5.779999852,1,0
273,777200,23/08/2017,23/08/2017,936.0,115631.0,30-34,M,64,69,70,1898,0,0.0,1,1
274,777201,23/08/2017,23/08/2017,936.0,115631.0,30-34,M,64,69,65,1882,0,0.0,1,1
275,777235,24/08/2017,24/08/2017,936.0,115637.0,30-34,M,65,66,67,2883,1,0.99000001,1,1
276,777248,24/08/2017,24/08/2017,936.0,115639.0,30-34,F,7,9,10,3989,1,1.279999971,1,0
277,777261,24/08/2017,24/08/2017,936.0,115641.0,40-44,M,29,31,34,19603,4,5.279999971,1,1
278,777382,25/08/2017,25/08/2017,936.0,115675.0,40-44,M,24,26,27,3047,1,1.379999995,1,0
279,777398,25/08/2017,25/08/2017,936.0,115677.0,35-39,M,24,27,30,3029,1,1.049999952,1,1
280,777410,25/08/2017,25/08/2017,936.0,115679.0,45-49,M,26,29,28,3490,1,1.340000033,1,1
281,777482,25/08/2017,25/08/2017,936.0,115691.0,45-49,M,28,32,32,2479,0,0.0,1,0
282,777495,25/08/2017,25/08/2017,936.0,115693.0,40-44,M,19,25,25,19581,7,10.42999983,2,0
283,777519,24/08/2017,24/08/2017,936.0,115697.0,45-49,M,29,34,32,19537,5,6.099999905,1,0
284,777625,24/08/2017,24/08/2017,936.0,115715.0,45-49,M,16,17,19,59433,12,19.65999949,3,0
285,777627,23/08/2017,23/08/2017,936.0,115715.0,45-49,M,16,17,19,157534,33,56.19000077,2,0
286,777638,23/08/2017,23/08/2017,936.0,115717.0,40-44,M,7,10,12,1781,0,0.0,1,1
287,777670,23/08/2017,23/08/2017,936.0,115723.0,40-44,M,16,19,19,23769,4,6.029999852,1,0
288,777673,23/08/2017,23/08/2017,936.0,115723.0,40-44,M,16,18,17,7101,0,0.0,1,0
289,777742,23/08/2017,23/08/2017,936.0,115735.0,35-39,M,64,69,68,4726,1,1.830000043,1,1
290,777758,24/08/2017,24/08/2017,936.0,115737.0,30-34,M,19,20,20,5209,1,0.959999979,2,0
291,777794,24/08/2017,24/08/2017,936.0,115743.0,30-34,M,18,23,24,13473,3,2.619999945,3,0
292,777816,23/08/2017,23/08/2017,936.0,115747.0,40-44,M,2,7,7,500,0,0.0,1,1
293,777871,23/08/2017,23/08/2017,936.0,115756.0,30-34,M,20,26,23,4616,1,1.360000014,1,0
294,777904,30/08/2017,30/08/2017,936.0,115762.0,30-34,M,31,32,33,3279,0,0.0,1,0
295,777905,30/08/2017,30/08/2017,936.0,115762.0,30-34,M,31,36,36,3288,0,0.0,1,0
296,778037,28/08/2017,28/08/2017,936.0,115784.0,35-39,M,27,29,28,14615,4,6.050000191,1,0
297,778048,28/08/2017,28/08/2017,936.0,115786.0,30-34,M,27,28,29,56615,12,19.88000035,2,0
298,778085,28/08/2017,28/08/2017,936.0,115792.0,30-34,M,26,32,31,11735,3,4.529999971,1,1
299,778087,28/08/2017,28/08/2017,936.0,115792.0,30-34,M,26,30,32,15910,5,6.779999852,1,0
300,778112,28/08/2017,28/08/2017,936.0,115796.0,35-39,M,29,33,35,11446,2,3.090000033,1,1
301,778113,28/08/2017,28/08/2017,936.0,115796.0,35-39,M,29,35,35,4595,0,0.0,1,0
302,778124,28/08/2017,28/08/2017,936.0,115798.0,30-34,M,29,34,32,4871,0,0.0,1,0
303,778148,28/08/2017,28/08/2017,936.0,115802.0,35-39,M,28,32,30,3199,0,0.0,1,0
304,778156,28/08/2017,28/08/2017,936.0,115804.0,30-34,M,28,32,31,9388,2,3.140000105,1,0
305,778161,27/08/2017,27/08/2017,936.0,115804.0,30-34,M,28,31,33,17954,6,7.5400002,2,1
306,778208,27/08/2017,27/08/2017,936.0,115812.0,40-44,F,29,32,32,2755,0,0.0,1,0
307,778264,27/08/2017,27/08/2017,936.0,115822.0,40-44,F,27,31,30,8152,1,0.99000001,1,0
308,778266,27/08/2017,27/08/2017,936.0,115822.0,40-44,F,27,32,28,74542,19,34.1500001,1,0
309,778421,27/08/2017,27/08/2017,936.0,115848.0,40-44,F,20,21,23,6699,2,3.090000033,1,0
310,778422,27/08/2017,27/08/2017,936.0,115848.0,40-44,F,20,25,24,11911,4,3.959999919,1,0
311,778461,27/08/2017,27/08/2017,936.0,115854.0,40-44,M,29,35,33,10090,2,2.650000095,1,1
312,778471,27/08/2017,27/08/2017,936.0,115856.0,30-34,M,32,35,36,1273,0,0.0,1,1
313,778483,27/08/2017,27/08/2017,936.0,115858.0,40-44,F,18,24,20,24188,5,8.179999828,1,0
314,778529,27/08/2017,27/08/2017,936.0,115866.0,30-34,M,31,35,33,2214,0,0.0,1,0
315,778556,28/08/2017,28/08/2017,936.0,115870.0,40-44,M,32,35,38,9735,4,4.130000114,1,1
316,778590,28/08/2017,28/08/2017,936.0,115876.0,30-34,M,30,36,36,1371,0,0.0,1,1
317,778600,29/08/2017,29/08/2017,936.0,115878.0,40-44,F,22,23,25,10750,4,5.389999866,1,0
318,778626,29/08/2017,29/08/2017,936.0,115882.0,30-34,M,29,33,35,7629,1,0.720000029,1,1
319,778628,29/08/2017,29/08/2017,936.0,115882.0,30-34,M,29,35,30,4608,0,0.0,1,0
320,778674,29/08/2017,29/08/2017,936.0,115890.0,35-39,M,29,31,30,3732,0,0.0,1,0
321,778689,30/08/2017,30/08/2017,936.0,115892.0,30-34,M,28,32,32,7453,1,1.679999948,1,1
322,778722,30/08/2017,30/08/2017,936.0,115898.0,35-39,F,64,70,67,41785,14,19.10000038,1,0
323,778737,30/08/2017,30/08/2017,936.0,115900.0,35-39,M,27,32,30,8077,2,3.579999924,1,1
324,778756,30/08/2017,30/08/2017,936.0,115904.0,35-39,F,63,65,65,5602,1,1.580000043,1,0
325,778804,30/08/2017,30/08/2017,936.0,115912.0,30-34,M,26,29,29,6184,2,2.75,1,1
326,778808,29/08/2017,29/08/2017,936.0,115912.0,30-34,M,26,28,29,1738,0,0.0,1,0
327,778964,29/08/2017,29/08/2017,936.0,115938.0,35-39,F,27,33,28,112460,25,41.29000068,1,0
328,779057,29/08/2017,29/08/2017,936.0,115954.0,40-44,M,15,21,21,4414,0,0.0,1,0
329,779106,28/08/2017,28/08/2017,936.0,115962.0,35-39,F,30,35,36,14670,7,9.410000324,1,0
330,779438,28/08/2017,28/08/2017,936.0,116031.0,30-34,F,64,66,69,33144,9,13.40999985,1,0
331,779453,29/08/2017,29/08/2017,936.0,116033.0,45-49,M,64,68,70,4397,1,0.949999988,1,0
332,779488,29/08/2017,29/08/2017,936.0,116039.0,45-49,M,65,68,69,1006,0,0.0,1,0
333,779573,29/08/2017,29/08/2017,936.0,116053.0,35-39,F,10,13,16,89527,24,32.28999996,1,0
334,779608,29/08/2017,29/08/2017,936.0,116059.0,35-39,F,15,18,16,2459,0,0.0,1,0
335,779609,29/08/2017,29/08/2017,936.0,116059.0,35-39,F,15,20,18,7116,2,1.730000019,1,1
336,779622,29/08/2017,29/08/2017,936.0,116061.0,30-34,F,15,18,17,8613,1,0.889999986,2,0
337,779631,19/08/2017,19/08/2017,936.0,116063.0,35-39,F,16,19,18,9730,1,1.379999995,1,0
338,779644,19/08/2017,19/08/2017,936.0,116065.0,30-34,F,16,20,20,51816,8,10.2299999,2,1
339,779645,22/08/2017,22/08/2017,936.0,116065.0,30-34,F,16,21,20,27289,3,4.429999828,1,0
340,779715,22/08/2017,22/08/2017,936.0,116077.0,30-34,F,29,32,33,20409,4,3.829999924,1,0
341,779716,22/08/2017,22/08/2017,936.0,116077.0,30-34,F,29,32,34,8044,1,1.110000014,1,0
342,779738,22/08/2017,22/08/2017,936.0,116081.0,30-34,F,28,32,33,15645,4,5.349999905,1,0
343,779778,22/08/2017,22/08/2017,936.0,116087.0,30-34,F,31,37,34,2466,0,0.0,2,2
344,779789,22/08/2017,22/08/2017,936.0,116089.0,45-49,M,10,14,13,11611,3,3.950000048,1,1
345,779824,22/08/2017,22/08/2017,936.0,116095.0,45-49,M,7,13,9,9375,3,4.019999981,1,0
346,779871,22/08/2017,22/08/2017,936.0,116103.0,30-34,F,32,37,34,4402,1,1.330000043,1,1
347,779918,22/08/2017,22/08/2017,936.0,116111.0,30-34,F,18,23,24,8469,2,3.089999914,1,0
348,779922,22/08/2017,22/08/2017,936.0,116111.0,30-34,F,18,22,24,5823,1,1.419999957,1,1
349,779944,21/08/2017,21/08/2017,936.0,116115.0,35-39,M,10,13,16,2549,0,0.0,1,0
350,779979,21/08/2017,21/08/2017,936.0,116121.0,35-39,M,16,17,21,25817,4,6.019999981,1,0
351,779995,21/08/2017,21/08/2017,936.0,116123.0,30-34,F,20,24,25,1961,0,0.0,1,0
352,780064,21/08/2017,21/08/2017,936.0,116135.0,30-34,F,22,24,25,2554,0,0.0,1,0
353,780104,21/08/2017,21/08/2017,936.0,116147.0,30-34,F,25,27,26,4971,1,1.230000019,1,1
354,780199,22/08/2017,22/08/2017,936.0,116163.0,35-39,F,23,28,27,1030,0,0.0,1,1
355,780318,22/08/2017,22/08/2017,936.0,116183.0,45-49,F,29,32,31,162341,56,77.07999969,3,0
356,780323,21/08/2017,21/08/2017,936.0,116183.0,45-49,F,29,35,34,24542,7,9.329999924,1,0
357,780486,21/08/2017,21/08/2017,936.0,116216.0,30-34,F,65,69,71,2879,0,0.0,1,1
358,780498,22/08/2017,22/08/2017,936.0,116218.0,30-34,F,64,65,68,13621,3,4.090000033,1,0
359,780511,23/08/2017,23/08/2017,936.0,116220.0,30-34,F,63,65,66,6175,1,1.370000005,2,1
360,780629,24/08/2017,24/08/2017,936.0,116240.0,30-34,F,28,34,34,2963,0,0.0,1,0
361,780653,24/08/2017,24/08/2017,936.0,116244.0,30-34,F,29,33,35,9076,1,1.379999995,1,1
362,780655,24/08/2017,24/08/2017,936.0,116244.0,30-34,F,29,33,34,20941,4,5.909999967,1,1
363,780666,24/08/2017,24/08/2017,936.0,116246.0,45-49,F,10,13,13,3462,0,0.0,1,0
364,780681,24/08/2017,24/08/2017,936.0,116248.0,30-34,F,26,29,29,4073,0,0.0,1,1
365,780700,18/08/2017,18/08/2017,936.0,116252.0,30-34,F,27,33,30,3745,0,0.0,1,0
366,780748,18/08/2017,18/08/2017,936.0,116265.0,30-34,F,24,26,28,830,0,0.0,1,0
367,780759,18/08/2017,18/08/2017,936.0,116267.0,45-49,F,18,24,22,2912,0,0.0,1,0
368,780760,24/08/2017,24/08/2017,936.0,116267.0,45-49,F,18,23,22,17167,5,6.910000086,1,0
369,780797,24/08/2017,24/08/2017,936.0,116273.0,30-34,F,22,25,25,24491,7,9.539999962,1,0
370,780799,23/08/2017,23/08/2017,936.0,116273.0,30-34,F,22,24,26,44699,13,17.30000037,2,0
371,780821,23/08/2017,23/08/2017,936.0,116277.0,30-34,F,23,24,25,6469,2,1.309999943,1,0
372,780830,23/08/2017,23/08/2017,936.0,116279.0,45-49,F,16,17,17,16053,3,4.079999924,1,1
373,780835,23/08/2017,23/08/2017,936.0,116279.0,45-49,F,16,21,21,54724,12,17.92999995,1,1
374,780867,23/08/2017,23/08/2017,936.0,116285.0,30-34,F,21,27,26,4706,1,1.220000029,1,0
375,780974,23/08/2017,23/08/2017,936.0,116303.0,40-44,F,32,38,36,8316,3,4.569999933,1,1
376,781066,23/08/2017,23/08/2017,936.0,116323.0,40-44,F,22,26,25,5794,2,2.269999981,1,0
377,781114,23/08/2017,23/08/2017,936.0,116331.0,40-44,F,18,24,22,4813,1,1.029999971,1,0
378,781159,23/08/2017,23/08/2017,936.0,116339.0,40-44,F,10,15,11,85285,26,36.13000035,1,0
379,781162,21/08/2017,21/08/2017,936.0,116339.0,40-44,F,10,11,13,5839,1,1.370000005,1,0
380,781175,21/08/2017,21/08/2017,936.0,116341.0,40-44,F,15,16,21,5859,1,1.539999962,1,0
381,781187,18/08/2017,18/08/2017,936.0,116343.0,40-44,F,16,22,19,164118,41,59.06999993,1,0
382,781195,18/08/2017,18/08/2017,936.0,116345.0,35-39,F,63,67,69,18234,6,7.810000062,1,0
383,781207,18/08/2017,18/08/2017,936.0,116347.0,35-39,F,64,67,70,2755,0,0.0,1,0
384,781303,19/08/2017,19/08/2017,936.0,116363.0,35-39,F,27,29,30,73676,20,28.5,1,0
385,781305,19/08/2017,19/08/2017,936.0,116363.0,35-39,F,27,30,28,18421,7,10.07999992,1,0
386,781327,19/08/2017,19/08/2017,936.0,116367.0,35-39,F,29,35,35,164754,49,67.97999978,2,1
387,781353,19/08/2017,19/08/2017,936.0,116371.0,35-39,F,10,13,15,7449,1,1.639999986,1,1
388,781354,19/08/2017,19/08/2017,936.0,116371.0,35-39,F,10,14,16,6424,1,0.529999971,1,0
389,781438,18/08/2017,18/08/2017,936.0,116385.0,30-34,M,63,65,68,2086,0,0.0,1,0
390,781470,18/08/2017,18/08/2017,936.0,116391.0,35-39,M,16,17,18,6016,0,0.0,1,0
391,781499,18/08/2017,18/08/2017,936.0,116395.0,35-39,M,15,21,20,6412,1,1.370000005,1,0
392,781508,24/08/2017,24/08/2017,936.0,116397.0,30-34,F,63,68,64,5040,1,1.440000057,1,0
393,781556,24/08/2017,24/08/2017,936.0,116405.0,30-34,F,32,37,36,1772,0,0.0,1,0
394,781559,18/08/2017,18/08/2017,936.0,116405.0,30-34,F,32,38,34,1783,0,0.0,1,0
395,781606,18/08/2017,18/08/2017,936.0,116413.0,35-39,M,20,21,24,8200,3,3.919999957,1,0
396,781690,18/08/2017,18/08/2017,936.0,116427.0,45-49,F,26,28,30,115896,38,49.44000006,1,0
397,781811,18/08/2017,18/08/2017,936.0,116447.0,35-39,F,16,17,22,10186,1,1.230000019,1,1
398,781857,18/08/2017,18/08/2017,936.0,116455.0,30-34,M,20,21,24,9134,3,4.180000067,2,0
399,781858,18/08/2017,18/08/2017,936.0,116455.0,30-34,M,20,25,22,3385,1,1.440000057,1,1
400,781907,19/08/2017,19/08/2017,936.0,116463.0,45-49,F,21,27,23,1314,0,0.0,1,0
401,781928,19/08/2017,19/08/2017,936.0,116467.0,30-34,M,18,21,22,2916,0,0.0,1,1
402,781929,20/08/2017,20/08/2017,936.0,116467.0,30-34,M,18,21,21,6142,1,1.330000043,1,0
403,781950,20/08/2017,20/08/2017,936.0,116471.0,30-34,F,20,26,21,1984,0,0.0,1,0
404,781999,20/08/2017,20/08/2017,936.0,116479.0,30-34,M,24,30,29,9142,3,3.749999881,1,0
405,782001,20/08/2017,20/08/2017,936.0,116479.0,30-34,M,24,30,28,5475,2,2.730000019,1,1
406,782022,20/08/2017,20/08/2017,936.0,116483.0,30-34,F,18,24,20,8254,2,2.320000052,1,1
407,782026,21/08/2017,21/08/2017,936.0,116483.0,30-34,F,18,24,20,5704,1,1.320000052,1,0
408,782130,21/08/2017,21/08/2017,936.0,116501.0,30-34,F,16,18,21,7301,0,0.0,1,0
409,782134,21/08/2017,21/08/2017,936.0,116501.0,30-34,F,16,19,21,37873,5,6.169999957,1,1
410,782135,20/08/2017,20/08/2017,936.0,116501.0,30-34,F,16,20,17,25267,4,4.940000057,2,1
411,782171,20/08/2017,20/08/2017,936.0,116507.0,30-34,F,30,31,32,535,0,0.0,1,0
412,782180,19/08/2017,19/08/2017,936.0,116509.0,30-34,M,29,34,30,3396,0,0.0,1,0
413,782219,19/08/2017,19/08/2017,936.0,116515.0,30-34,M,26,27,32,977,0,0.0,1,0
414,782228,19/08/2017,19/08/2017,936.0,116517.0,40-44,F,63,64,66,12318,5,6.340000153,1,1
415,782242,19/08/2017,19/08/2017,936.0,116519.0,30-34,F,28,34,31,4783,1,0.860000014,1,0
416,782275,19/08/2017,19/08/2017,936.0,116525.0,30-34,F,29,31,30,6475,1,1.350000024,1,0
417,782337,20/08/2017,20/08/2017,936.0,116535.0,45-49,F,16,18,19,104578,29,39.25000095,1,1
418,782407,20/08/2017,20/08/2017,936.0,116547.0,45-49,F,10,12,11,33664,11,12.51000035,1,0
419,782443,20/08/2017,20/08/2017,936.0,116553.0,40-44,F,20,25,24,979,0,0.0,1,0
420,782541,20/08/2017,20/08/2017,936.0,116569.0,40-44,F,28,29,30,7337,3,4.079999924,1,0
421,782587,18/08/2017,18/08/2017,936.0,116577.0,30-34,M,10,13,16,2499,0,0.0,1,0
422,782647,18/08/2017,18/08/2017,936.0,116587.0,40-44,F,27,33,30,11244,3,4.550000191,1,0
423,782658,23/08/2017,23/08/2017,936.0,116589.0,30-34,M,15,17,19,4827,0,0.0,1,0
424,782694,23/08/2017,23/08/2017,936.0,116595.0,35-39,F,29,31,35,29035,7,8.910000086,2,2
425,782706,23/08/2017,23/08/2017,936.0,116597.0,35-39,F,30,32,32,761,0,0.0,1,0
426,782754,23/08/2017,23/08/2017,936.0,116605.0,35-39,F,26,31,32,6532,1,1.610000014,1,0
427,782815,23/08/2017,23/08/2017,936.0,116615.0,40-44,F,10,16,15,11537,3,4.300000191,1,0
428,782816,23/08/2017,23/08/2017,936.0,116615.0,40-44,F,10,13,11,12183,3,2.869999945,1,0
429,782862,23/08/2017,23/08/2017,936.0,116623.0,35-39,F,64,70,67,5912,1,1.559999943,1,1
430,950068,23/08/2017,23/08/2017,936.0,123438.0,30-34,M,10,12,13,4012,1,1.570000052,1,0
431,950078,22/08/2017,22/08/2017,936.0,123440.0,30-34,M,16,22,17,12396,2,3.210000038,2,1
432,950079,22/08/2017,22/08/2017,936.0,123440.0,30-34,M,16,20,22,3142,0,0.0,2,2
433,950099,22/08/2017,22/08/2017,936.0,123443.0,30-34,M,18,23,23,1120,0,0.0,1,0
434,950109,22/08/2017,22/08/2017,936.0,123445.0,30-34,M,20,24,22,343,0,0.0,1,1
435,950170,22/08/2017,22/08/2017,936.0,123455.0,30-34,M,15,19,16,1720,0,0.0,1,1
436,950179,22/08/2017,22/08/2017,936.0,123457.0,30-34,M,16,22,19,3423,0,0.0,1,1
437,950182,22/08/2017,22/08/2017,936.0,123457.0,30-34,M,16,20,19,3242,0,0.0,1,0
438,950183,22/08/2017,22/08/2017,936.0,123457.0,30-34,M,16,22,19,15720,1,1.379999995,1,0
439,950200,22/08/2017,22/08/2017,936.0,123460.0,30-34,M,10,13,15,1217,0,0.0,1,1
440,950224,22/08/2017,22/08/2017,936.0,123464.0,40-44,M,20,21,23,2367,2,2.839999914,1,1
441,950326,22/08/2017,22/08/2017,936.0,123481.0,35-39,M,16,19,22,6607,1,1.320000052,2,0
442,950345,23/08/2017,23/08/2017,936.0,123484.0,30-34,M,64,66,65,616,0,0.0,1,0
443,950452,23/08/2017,23/08/2017,936.0,123502.0,45-49,M,16,22,22,5537,1,1.519999981,1,0
444,950463,19/08/2017,19/08/2017,936.0,123504.0,45-49,M,15,19,18,818,0,0.0,1,0
445,950495,19/08/2017,19/08/2017,936.0,123509.0,45-49,M,21,25,25,1909,1,0.980000019,1,0
446,950521,18/08/2017,18/08/2017,936.0,123514.0,30-34,M,21,27,25,351,0,0.0,1,0
447,950531,19/08/2017,19/08/2017,936.0,123515.0,45-49,M,22,24,26,572,0,0.0,1,0
448,950537,19/08/2017,19/08/2017,936.0,123516.0,40-44,M,36,41,40,1884,1,1.409999967,1,0
449,950550,19/08/2017,19/08/2017,936.0,123519.0,30-34,M,30,35,36,219,0,0.0,1,0
450,950577,19/08/2017,19/08/2017,936.0,123523.0,30-34,M,32,38,34,540,0,0.0,1,1
451,950578,19/08/2017,19/08/2017,936.0,123523.0,30-34,M,32,37,37,550,0,0.0,1,0
452,950595,18/08/2017,18/08/2017,936.0,123526.0,30-34,M,26,30,31,465,0,0.0,1,0
453,950609,18/08/2017,18/08/2017,936.0,123528.0,30-34,M,29,31,35,1761,0,0.0,1,1
454,950629,23/08/2017,23/08/2017,936.0,123532.0,30-34,M,65,67,68,152,0,0.0,1,1
455,950631,23/08/2017,23/08/2017,936.0,123532.0,30-34,M,65,70,70,152,0,0.0,1,1
456,950649,23/08/2017,23/08/2017,936.0,123535.0,30-34,M,64,67,70,429,0,0.0,1,0
457,950745,18/08/2017,18/08/2017,936.0,123551.0,30-34,M,29,32,31,1514,0,0.0,2,2
458,950770,18/08/2017,18/08/2017,936.0,123555.0,30-34,M,28,31,30,7780,3,4.329999924,2,2
459,950772,18/08/2017,18/08/2017,936.0,123556.0,35-39,M,28,30,33,460,0,0.0,1,0
460,950773,18/08/2017,18/08/2017,936.0,123556.0,35-39,M,28,29,32,471,0,0.0,1,0
461,950776,18/08/2017,18/08/2017,936.0,123556.0,35-39,M,28,29,32,2633,1,1.070000052,1,0
462,950787,18/08/2017,18/08/2017,936.0,123558.0,30-34,M,27,32,30,199,0,0.0,1,0
463,950808,22/08/2017,22/08/2017,936.0,123562.0,35-39,M,32,33,38,398,0,0.0,1,0
464,950839,22/08/2017,22/08/2017,936.0,123567.0,30-34,M,24,29,25,246,0,0.0,2,2
465,950878,19/08/2017,19/08/2017,936.0,123573.0,40-44,M,10,11,15,2967,1,1.5,1,1
466,950969,19/08/2017,19/08/2017,936.0,123588.0,45-49,M,36,38,40,255,0,0.0,1,0
467,951021,19/08/2017,19/08/2017,936.0,123597.0,30-34,F,7,13,9,457,0,0.0,1,1
468,951033,19/08/2017,19/08/2017,936.0,123599.0,30-34,F,10,13,13,5517,1,1.230000019,1,0
469,951035,19/08/2017,19/08/2017,936.0,123599.0,30-34,F,10,15,12,1539,0,0.0,1,1
470,951043,19/08/2017,19/08/2017,936.0,123601.0,30-34,F,16,22,17,3189,0,0.0,1,0
471,951045,19/08/2017,19/08/2017,936.0,123601.0,30-34,F,16,20,21,3348,0,0.0,1,0
472,951046,19/08/2017,19/08/2017,936.0,123601.0,30-34,F,16,18,17,20050,4,4.659999847,4,1
473,951102,19/08/2017,19/08/2017,936.0,123611.0,45-49,M,16,18,19,2254,0,0.0,1,0
474,951105,19/08/2017,19/08/2017,936.0,123611.0,45-49,M,16,20,21,5894,1,1.539999962,1,1
475,951133,18/08/2017,18/08/2017,936.0,123616.0,35-39,M,16,21,19,9948,2,2.720000029,2,0
476,951202,18/08/2017,18/08/2017,936.0,123627.0,45-49,F,26,29,28,5307,3,4.289999962,2,1
477,951225,18/08/2017,18/08/2017,936.0,123631.0,35-39,F,22,28,28,4621,2,3.25,1,1
478,951270,18/08/2017,18/08/2017,936.0,123639.0,35-39,F,18,21,19,784,0,0.0,1,1
479,951282,18/08/2017,18/08/2017,936.0,123641.0,35-39,F,16,22,17,5775,1,1.580000043,1,1
480,951285,19/08/2017,19/08/2017,936.0,123641.0,35-39,F,16,20,20,9297,2,2.619999886,2,1
481,951294,19/08/2017,19/08/2017,936.0,123643.0,35-39,F,15,16,17,699,0,0.0,1,0
482,951305,19/08/2017,19/08/2017,936.0,123644.0,35-39,F,10,12,13,1104,0,0.0,1,0
483,951334,18/08/2017,18/08/2017,936.0,123649.0,30-34,F,64,70,69,3717,1,1.539999962,1,0
484,951391,19/08/2017,19/08/2017,936.0,123659.0,30-34,F,28,29,33,2879,1,1.590000033,2,2
485,951392,20/08/2017,20/08/2017,936.0,123659.0,30-34,F,28,31,32,2749,1,1.389999986,1,0
486,951400,21/08/2017,21/08/2017,936.0,123660.0,45-49,F,10,12,15,24028,9,12.39000034,2,0
487,951402,21/08/2017,21/08/2017,936.0,123661.0,30-34,F,29,32,31,1118,0,0.0,1,1
488,951413,21/08/2017,21/08/2017,936.0,123662.0,30-34,F,26,29,27,1083,0,0.0,2,1
489,951420,21/08/2017,21/08/2017,936.0,123664.0,30-34,F,27,33,32,843,0,0.0,1,0
490,951444,21/08/2017,21/08/2017,936.0,123668.0,30-34,F,25,28,26,2983,1,0.970000029,1,0
491,951448,22/08/2017,22/08/2017,936.0,123668.0,30-34,F,25,30,28,696,0,0.0,1,0
492,951462,21/08/2017,21/08/2017,936.0,123671.0,45-49,F,16,20,19,7589,2,3.150000095,1,1
493,951464,21/08/2017,21/08/2017,936.0,123671.0,45-49,F,16,17,21,20997,10,11.94999981,1,0
494,951465,21/08/2017,21/08/2017,936.0,123671.0,45-49,F,16,18,17,4617,1,1.360000014,1,0
495,951498,21/08/2017,21/08/2017,936.0,123677.0,45-49,F,20,22,21,259,0,0.0,1,0
496,951508,21/08/2017,21/08/2017,936.0,123678.0,30-34,F,18,21,22,1134,0,0.0,1,0
497,951542,20/08/2017,20/08/2017,936.0,123684.0,40-44,F,27,32,28,357,0,0.0,1,0
498,951607,20/08/2017,20/08/2017,936.0,123695.0,40-44,F,10,15,15,848,0,0.0,1,1
499,951608,20/08/2017,20/08/2017,936.0,123695.0,40-44,F,10,15,13,3149,1,1.480000019,1,0
500,951641,20/08/2017,20/08/2017,936.0,123700.0,40-44,F,2,4,7,87,0,0.0,1,1
501,951677,20/08/2017,20/08/2017,936.0,123706.0,35-39,F,27,28,31,2563,1,1.480000019,1,0
502,951692,21/08/2017,21/08/2017,936.0,123709.0,35-39,F,10,15,14,1107,0,0.0,1,0
503,951715,20/08/2017,20/08/2017,936.0,123713.0,45-49,F,64,65,65,10677,5,7.269999981,1,0
504,951756,20/08/2017,20/08/2017,936.0,123720.0,35-39,F,22,25,26,2189,1,0.409999996,1,0
505,951779,20/08/2017,20/08/2017,936.0,123723.0,45-49,F,27,32,29,3277,2,2.680000067,1,0
506,951782,24/08/2017,24/08/2017,936.0,123724.0,45-49,F,26,30,29,781,0,0.0,1,0
507,951810,24/08/2017,24/08/2017,936.0,123729.0,35-39,F,16,17,22,2226,0,0.0,1,0
508,951812,29/08/2017,29/08/2017,936.0,123729.0,35-39,F,16,18,18,16274,4,6.079999924,2,0
509,951837,29/08/2017,29/08/2017,936.0,123733.0,45-49,F,20,23,23,2077,1,1.50999999,1,1
510,951853,29/08/2017,29/08/2017,936.0,123736.0,30-34,F,20,23,25,529,0,0.0,0,0
511,951854,25/08/2017,25/08/2017,936.0,123736.0,30-34,F,20,26,25,487,0,0.0,1,0
512,951856,25/08/2017,25/08/2017,936.0,123736.0,30-34,F,20,23,21,4626,2,2.099999905,2,0
513,951941,25/08/2017,25/08/2017,936.0,123750.0,30-34,F,28,33,34,2764,1,1.559999943,1,1
514,952001,25/08/2017,25/08/2017,936.0,123760.0,45-49,F,10,12,13,5447,2,2.960000038,1,0
515,952031,25/08/2017,25/08/2017,936.0,123765.0,40-44,F,16,17,17,28169,8,12.36999989,1,1
516,952080,29/08/2017,29/08/2017,936.0,123774.0,40-44,F,27,30,30,415,0,0.0,1,0
517,952100,29/08/2017,29/08/2017,936.0,123777.0,35-39,F,29,31,30,810,0,0.0,1,1
518,1121091,28/08/2017,28/08/2017,1178.0,144531.0,30-34,M,10,11,15,1194718,141,254.049996,28,14
519,1121092,28/08/2017,28/08/2017,1178.0,144531.0,30-34,M,10,12,11,637648,67,122.4,13,5
520,1121094,28/08/2017,28/08/2017,1178.0,144531.0,30-34,M,10,16,15,24362,0,0.0,1,1
521,1121095,28/08/2017,28/08/2017,1178.0,144531.0,30-34,M,10,16,12,459690,50,86.33000112,5,2
522,1121096,28/08/2017,28/08/2017,1178.0,144531.0,30-34,M,10,11,16,750060,86,161.9099991,11,2
523,1121097,29/08/2017,29/08/2017,1178.0,144532.0,30-34,M,15,18,18,30068,1,1.820000052,1,0
524,1121098,29/08/2017,29/08/2017,1178.0,144532.0,30-34,M,15,18,21,1267550,123,236.7699986,24,10
525,1121100,29/08/2017,29/08/2017,1178.0,144532.0,30-34,M,15,20,17,3052003,340,639.9499981,60,17
526,1121101,28/08/2017,28/08/2017,1178.0,144532.0,30-34,M,15,17,21,29945,1,1.590000033,2,1
527,1121102,25/08/2017,25/08/2017,1178.0,144532.0,30-34,M,15,18,20,357856,30,52.97000015,7,3
528,1121104,25/08/2017,25/08/2017,1178.0,144533.0,30-34,M,16,20,20,2080666,202,360.1500015,40,21
529,1121105,26/08/2017,26/08/2017,1178.0,144533.0,30-34,M,16,22,19,145999,9,16.5200001,5,2
530,1121107,26/08/2017,26/08/2017,1178.0,144533.0,30-34,M,16,17,19,32616,1,1.539999962,2,0
531,1121108,26/08/2017,26/08/2017,1178.0,144533.0,30-34,M,16,20,18,984521,95,163.8999972,26,14
532,1121110,26/08/2017,26/08/2017,1178.0,144534.0,30-34,M,18,20,22,880814,123,210.3600006,6,2
533,1121111,26/08/2017,26/08/2017,1178.0,144534.0,30-34,M,18,19,21,182452,20,35.73000026,4,1
534,1121113,27/08/2017,27/08/2017,1178.0,144534.0,30-34,M,18,24,24,894911,120,215.8399994,7,4
535,1121114,27/08/2017,27/08/2017,1178.0,144534.0,30-34,M,18,23,23,31349,2,3.800000072,1,0
536,1121115,26/08/2017,26/08/2017,1178.0,144535.0,30-34,M,19,21,21,410310,55,96.80000055,3,0
537,1121116,26/08/2017,26/08/2017,1178.0,144535.0,30-34,M,19,20,24,572450,89,157.329998,7,4
538,1121117,26/08/2017,26/08/2017,1178.0,144535.0,30-34,M,19,24,25,98759,15,26.56999946,1,1
539,1121119,25/08/2017,25/08/2017,1178.0,144535.0,30-34,M,19,21,22,345371,54,93.08999991,7,3
540,1121121,25/08/2017,25/08/2017,1178.0,144536.0,30-34,M,20,22,25,323899,46,78.9200002,5,1
541,1121122,25/08/2017,25/08/2017,1178.0,144536.0,30-34,M,20,21,25,399199,58,103.1500002,3,0
542,1121123,25/08/2017,25/08/2017,1178.0,144536.0,30-34,M,20,24,22,171202,22,36.53000021,3,1
543,1121124,26/08/2017,26/08/2017,1178.0,144536.0,30-34,M,20,26,24,128386,15,28.85000002,2,1
544,1121125,26/08/2017,26/08/2017,1178.0,144536.0,30-34,M,20,26,24,1034284,152,257.7099986,20,9
545,1121126,26/08/2017,26/08/2017,1178.0,144536.0,30-34,M,20,21,24,45923,5,7.220000148,2,0
546,1121127,26/08/2017,26/08/2017,1178.0,144537.0,30-34,M,21,23,22,40873,4,7.899999976,2,1
547,1121128,26/08/2017,26/08/2017,1178.0,144537.0,30-34,M,21,26,22,286553,34,62.06000042,2,1
548,1121129,28/08/2017,28/08/2017,1178.0,144537.0,30-34,M,21,25,25,20618,1,2.099999905,2,1
549,1121131,28/08/2017,28/08/2017,1178.0,144537.0,30-34,M,21,27,25,83591,7,14.14000046,2,2
550,1121132,21/08/2017,21/08/2017,1178.0,144537.0,30-34,M,21,23,27,114923,12,23.73000026,4,2
551,1121133,21/08/2017,21/08/2017,1178.0,144538.0,30-34,M,22,25,23,25002,1,1.710000038,1,0
552,1121134,21/08/2017,21/08/2017,1178.0,144538.0,30-34,M,22,27,28,68905,5,9.440000057,1,0
553,1121136,21/08/2017,21/08/2017,1178.0,144538.0,30-34,M,22,26,26,169588,16,27.79999924,1,0
554,1121138,21/08/2017,21/08/2017,1178.0,144538.0,30-34,M,22,26,24,328991,35,67.65000057,5,2
555,1121141,21/08/2017,21/08/2017,1178.0,144539.0,30-34,M,23,29,27,23198,2,2.980000019,1,0
556,1121142,21/08/2017,21/08/2017,1178.0,144539.0,30-34,M,23,24,27,26890,2,3.24000001,1,0
557,1121143,21/08/2017,21/08/2017,1178.0,144539.0,30-34,M,23,28,27,221695,31,52.26000011,5,2
558,1121152,20/08/2017,20/08/2017,1178.0,144541.0,30-34,M,24,29,28,88443,7,13.0400002,1,1
559,1121153,20/08/2017,20/08/2017,1178.0,144541.0,30-34,M,24,27,30,187856,23,38.38999975,5,1
560,1121164,19/08/2017,19/08/2017,1178.0,144545.0,30-34,M,25,31,30,570699,80,138.7699997,9,2
561,1121167,19/08/2017,19/08/2017,1178.0,144545.0,30-34,M,25,29,31,1063508,145,260.3800013,23,7
562,1121168,19/08/2017,19/08/2017,1178.0,144545.0,30-34,M,25,27,28,50523,6,8.549999952,1,0
563,1121172,20/08/2017,20/08/2017,1178.0,144547.0,30-34,M,26,30,28,87935,9,15.63000023,1,0
564,1121173,20/08/2017,20/08/2017,1178.0,144547.0,30-34,M,26,31,32,278225,33,60.19999957,3,0
565,1121175,20/08/2017,20/08/2017,1178.0,144547.0,30-34,M,26,28,29,209461,20,34.19000006,1,0
566,1121177,20/08/2017,20/08/2017,1178.0,144547.0,30-34,M,26,28,29,26316,2,3.24000001,3,0
567,1121181,20/08/2017,20/08/2017,1178.0,144549.0,30-34,M,27,32,29,41030,3,5.140000105,2,1
568,1121182,20/08/2017,20/08/2017,1178.0,144549.0,30-34,M,27,28,33,876671,120,216.5599982,22,4
569,1121183,21/08/2017,21/08/2017,1178.0,144549.0,30-34,M,27,32,29,399392,53,93.07000041,5,0
570,1121184,22/08/2017,22/08/2017,1178.0,144549.0,30-34,M,27,31,29,283858,30,56.05999923,1,0
571,1121185,23/08/2017,23/08/2017,1178.0,144549.0,30-34,M,27,28,29,260699,31,54.09999871,5,2
572,1121193,23/08/2017,23/08/2017,1178.0,144552.0,30-34,M,28,34,29,57781,5,7.800000072,2,1
573,1121195,23/08/2017,23/08/2017,1178.0,144552.0,30-34,M,28,34,33,38757,3,5.220000029,1,0
574,1121196,23/08/2017,23/08/2017,1178.0,144552.0,30-34,M,28,29,29,1392288,206,358.5500029,31,7
575,1121197,23/08/2017,23/08/2017,1178.0,144552.0,30-34,M,28,30,32,1109387,159,280.9899995,13,2
576,1121202,28/08/2017,28/08/2017,1178.0,144554.0,30-34,M,29,32,34,581281,65,115.1200008,10,5
577,1121203,23/08/2017,23/08/2017,1178.0,144554.0,30-34,M,29,35,33,1048861,128,219.770002,22,8
578,1121205,23/08/2017,23/08/2017,1178.0,144554.0,30-34,M,29,32,30,297452,30,52.01999986,4,1
579,1121206,23/08/2017,23/08/2017,1178.0,144554.0,30-34,M,29,34,31,227925,22,35.30999994,22,12
580,1121207,23/08/2017,23/08/2017,1178.0,144554.0,30-34,M,29,34,31,374175,38,63.32000101,8,3
581,1121211,23/08/2017,23/08/2017,1178.0,144556.0,30-34,M,30,32,31,223586,32,54.24000037,1,0
582,1121213,22/08/2017,22/08/2017,1178.0,144556.0,30-34,M,30,31,35,283170,39,65.22999996,2,1
583,1121215,22/08/2017,22/08/2017,1178.0,144556.0,30-34,M,30,31,34,41636,3,4.210000038,1,0
584,1121216,22/08/2017,22/08/2017,1178.0,144556.0,30-34,M,30,32,34,198658,30,48.60999978,8,1
585,1121220,22/08/2017,22/08/2017,1178.0,144558.0,30-34,M,31,37,35,100596,10,13.91999972,4,2
586,1121223,22/08/2017,22/08/2017,1178.0,144558.0,30-34,M,31,37,35,64020,5,11.0599997,1,0
587,1121224,23/08/2017,23/08/2017,1178.0,144558.0,30-34,M,31,32,33,14289,0,0.0,1,0
588,1121229,22/08/2017,22/08/2017,1178.0,144561.0,30-34,M,32,36,37,404866,43,87.42000079,4,0
589,1121231,22/08/2017,22/08/2017,1178.0,144561.0,30-34,M,32,36,35,22256,1,1.659999967,1,1
590,1121233,22/08/2017,22/08/2017,1178.0,144561.0,30-34,M,32,34,36,57690,4,6.74000001,1,0
591,1121241,27/08/2017,27/08/2017,1178.0,144562.0,30-34,M,36,40,37,24952,5,8.220000267,3,2
592,1121242,27/08/2017,27/08/2017,1178.0,144562.0,30-34,M,36,37,39,38900,3,5.580000043,1,0
593,1121243,22/08/2017,22/08/2017,1178.0,144562.0,30-34,M,36,42,42,53520,6,9.2299999,1,1
594,1121244,22/08/2017,22/08/2017,1178.0,144562.0,30-34,M,36,41,41,181683,20,34.22999972,2,1
595,1121245,22/08/2017,22/08/2017,1178.0,144562.0,30-34,M,36,37,40,29185,2,3.149999976,1,0
596,1121246,22/08/2017,22/08/2017,1178.0,144562.0,30-34,M,36,41,38,105047,13,20.2099994,3,1
597,1121250,22/08/2017,22/08/2017,1178.0,144565.0,30-34,M,63,67,64,287976,31,59.43999982,3,2
598,1121251,23/08/2017,23/08/2017,1178.0,144565.0,30-34,M,63,65,69,212175,22,38.58999968,2,1
599,1121252,23/08/2017,23/08/2017,1178.0,144565.0,30-34,M,63,69,67,11139,0,0.0,1,1
600,1121254,22/08/2017,22/08/2017,1178.0,144565.0,30-34,M,63,64,65,124005,11,21.84999979,4,1
601,1121255,22/08/2017,22/08/2017,1178.0,144565.0,30-34,M,63,64,67,20423,1,1.960000038,1,0
602,1121261,22/08/2017,22/08/2017,1178.0,144567.0,30-34,M,64,67,65,103001,14,22.32000005,1,0
603,1121262,30/08/2017,30/08/2017,1178.0,144567.0,30-34,M,64,66,67,447420,66,110.2399991,7,2
604,1121263,30/08/2017,30/08/2017,1178.0,144567.0,30-34,M,64,66,69,156101,19,29.75000048,2,2
605,1121264,30/08/2017,30/08/2017,1178.0,144567.0,30-34,M,64,70,67,93015,12,18.47000015,1,0
606,1121265,22/08/2017,22/08/2017,1178.0,144568.0,30-34,M,65,70,68,145398,23,36.24000025,1,0
607,1121269,22/08/2017,22/08/2017,1178.0,144568.0,30-34,M,65,67,67,296413,50,76.43999958,3,1
608,1121273,22/08/2017,22/08/2017,1178.0,144569.0,30-34,M,2,4,4,9370,0,0.0,1,1
609,1121274,22/08/2017,22/08/2017,1178.0,144569.0,30-34,M,2,4,7,63785,7,11.80000019,6,2
610,1121275,22/08/2017,22/08/2017,1178.0,144569.0,30-34,M,2,8,3,118522,14,26.81999981,2,1
611,1121276,22/08/2017,22/08/2017,1178.0,144569.0,30-34,M,2,5,5,240123,38,65.67000115,5,4
612,1121277,23/08/2017,23/08/2017,1178.0,144570.0,30-34,M,7,9,13,169108,20,32.24000025,2,1
613,1121278,23/08/2017,23/08/2017,1178.0,144570.0,30-34,M,7,13,10,1044442,142,245.5999999,22,8
614,1121279,24/08/2017,24/08/2017,1178.0,144570.0,30-34,M,7,10,13,93891,11,17.6400001,5,3
615,1121282,24/08/2017,24/08/2017,1178.0,144570.0,30-34,M,7,11,10,185823,25,38.54999936,4,1
616,1121284,24/08/2017,24/08/2017,1178.0,144571.0,30-34,M,66,68,70,175631,23,40.75999951,1,0
617,1121285,24/08/2017,24/08/2017,1178.0,144571.0,30-34,M,66,68,70,37187,4,6.370000005,1,0
618,1121286,24/08/2017,24/08/2017,1178.0,144571.0,30-34,M,66,67,69,10991,0,0.0,1,0
619,1121287,24/08/2017,24/08/2017,1178.0,144571.0,30-34,M,66,69,69,344618,51,89.76000047,3,1
620,1121289,24/08/2017,24/08/2017,1178.0,144572.0,35-39,M,10,14,13,98066,9,16.1500001,1,0
621,1121290,24/08/2017,24/08/2017,1178.0,144572.0,35-39,M,10,13,12,770749,100,189.1299984,13,3
622,1121291,24/08/2017,24/08/2017,1178.0,144572.0,35-39,M,10,16,14,52553,5,8.529999852,1,0
623,1121292,23/08/2017,23/08/2017,1178.0,144572.0,35-39,M,10,15,16,362296,39,67.77000129,7,3
624,1121293,23/08/2017,23/08/2017,1178.0,144572.0,35-39,M,10,16,13,427729,50,96.8999989,4,1
625,1121296,23/08/2017,23/08/2017,1178.0,144573.0,35-39,M,15,17,19,180351,21,37.13000011,1,1
626,1121297,23/08/2017,23/08/2017,1178.0,144573.0,35-39,M,15,16,16,187329,29,53.15999961,2,1
627,1121300,23/08/2017,23/08/2017,1178.0,144573.0,35-39,M,15,16,17,782894,118,192.9299995,5,2
628,1121302,23/08/2017,23/08/2017,1178.0,144574.0,35-39,M,16,17,22,1206533,128,236.1199988,17,6
629,1121303,23/08/2017,23/08/2017,1178.0,144574.0,35-39,M,16,19,21,84494,7,12.57000017,2,0
630,1121304,23/08/2017,23/08/2017,1178.0,144574.0,35-39,M,16,17,20,94257,7,12.5800004,1,1
631,1121309,23/08/2017,23/08/2017,1178.0,144575.0,35-39,M,18,24,20,131060,16,28.04999959,2,1
632,1121310,23/08/2017,23/08/2017,1178.0,144575.0,35-39,M,18,21,19,341603,50,83.48000121,4,2
633,1121311,30/08/2017,30/08/2017,1178.0,144575.0,35-39,M,18,20,24,140749,19,30.4799999,1,1
634,1121312,30/08/2017,30/08/2017,1178.0,144575.0,35-39,M,18,19,21,102525,13,20.29999983,2,1
635,1121316,28/08/2017,28/08/2017,1178.0,144576.0,35-39,M,19,23,23,447952,68,131.5799983,8,1
636,1121317,28/08/2017,28/08/2017,1178.0,144576.0,35-39,M,19,25,23,76355,9,14.62999988,2,0
637,1121319,28/08/2017,28/08/2017,1178.0,144577.0,35-39,M,20,26,26,256598,38,64.46999931,6,1
638,1121321,28/08/2017,28/08/2017,1178.0,144577.0,35-39,M,20,21,21,127476,21,30.15000057,3,2
639,1121322,28/08/2017,28/08/2017,1178.0,144577.0,35-39,M,20,22,24,237603,37,62.25000024,5,2
640,1121327,28/08/2017,28/08/2017,1178.0,144578.0,35-39,M,21,22,22,271091,42,78.03999984,3,1
641,1121330,28/08/2017,28/08/2017,1178.0,144578.0,35-39,M,21,23,22,21743,2,3.400000095,1,0
642,1121333,28/08/2017,28/08/2017,1178.0,144579.0,35-39,M,22,25,25,88970,10,14.8300004,2,0
643,1121334,28/08/2017,28/08/2017,1178.0,144579.0,35-39,M,22,24,26,108362,13,22.42999983,1,1
644,1121335,28/08/2017,28/08/2017,1178.0,144579.0,35-39,M,22,25,23,188596,27,44.14000034,3,0
645,1121336,27/08/2017,27/08/2017,1178.0,144579.0,35-39,M,22,24,24,275080,43,69.65999997,4,3
646,1121337,27/08/2017,27/08/2017,1178.0,144580.0,35-39,M,23,28,28,64647,10,16.26999998,1,0
647,1121338,27/08/2017,27/08/2017,1178.0,144580.0,35-39,M,23,27,24,31265,4,5.789999902,1,0
648,1121340,27/08/2017,27/08/2017,1178.0,144580.0,35-39,M,23,27,28,140147,24,42.08000016,2,0
649,1121341,27/08/2017,27/08/2017,1178.0,144580.0,35-39,M,23,26,27,223120,40,67.66999984,1,0
650,1121342,28/08/2017,28/08/2017,1178.0,144580.0,35-39,M,23,29,27,104869,18,34.07000089,1,0
651,1121344,28/08/2017,28/08/2017,1178.0,144581.0,35-39,M,24,27,27,165177,23,41.71999967,4,1
652,1121345,27/08/2017,27/08/2017,1178.0,144581.0,35-39,M,24,29,29,84194,11,19.56999981,1,0
653,1121347,27/08/2017,27/08/2017,1178.0,144581.0,35-39,M,24,25,28,220581,31,57.37,1,1
654,1121350,29/08/2017,29/08/2017,1178.0,144582.0,35-39,M,25,27,31,75804,10,17.36999965,2,1
655,1121352,29/08/2017,29/08/2017,1178.0,144582.0,35-39,M,25,30,29,368986,59,100.289999,0,0
656,1121353,30/08/2017,30/08/2017,1178.0,144582.0,35-39,M,25,30,27,28194,3,3.709999919,2,0
657,1121355,29/08/2017,29/08/2017,1178.0,144583.0,35-39,M,26,29,27,99961,14,23.2099998,1,0
658,1121359,29/08/2017,29/08/2017,1178.0,144583.0,35-39,M,26,28,27,7573,0,0.0,1,0
659,1121361,30/08/2017,30/08/2017,1178.0,144584.0,35-39,M,27,28,33,685781,103,177.8899992,10,1
660,1121364,30/08/2017,30/08/2017,1178.0,144584.0,35-39,M,27,30,28,274222,43,66.7700001,2,1
661,1121365,30/08/2017,30/08/2017,1178.0,144584.0,35-39,M,27,33,31,110503,25,32.67999995,4,0
662,1121367,30/08/2017,30/08/2017,1178.0,144585.0,35-39,M,28,31,29,1447755,233,420.5799983,11,8
663,1121368,30/08/2017,30/08/2017,1178.0,144585.0,35-39,M,28,33,31,358987,52,87.55000067,1,0
664,1121369,30/08/2017,30/08/2017,1178.0,144585.0,35-39,M,28,33,31,826205,125,232.3700008,5,1
665,1121370,29/08/2017,29/08/2017,1178.0,144585.0,35-39,M,28,33,32,550954,84,150.1400012,3,0
666,1121372,29/08/2017,29/08/2017,1178.0,144585.0,35-39,M,28,34,34,378350,55,96.48000073,4,0
667,1121373,29/08/2017,29/08/2017,1178.0,144586.0,35-39,M,29,32,33,492784,56,95.5100013,7,4
668,1121374,29/08/2017,29/08/2017,1178.0,144586.0,35-39,M,29,34,35,327158,43,72.3100003,6,2
669,1121375,29/08/2017,29/08/2017,1178.0,144586.0,35-39,M,29,31,35,9921,0,0.0,1,0
670,1121377,29/08/2017,29/08/2017,1178.0,144586.0,35-39,M,29,34,30,59390,5,9.209999919,5,3
671,1121378,29/08/2017,29/08/2017,1178.0,144586.0,35-39,M,29,33,33,1040330,147,254.2500038,13,2
672,1121379,29/08/2017,29/08/2017,1178.0,144587.0,35-39,M,30,31,35,49422,6,11.17000031,1,0
673,1121380,29/08/2017,29/08/2017,1178.0,144587.0,35-39,M,30,35,32,131091,18,34.23000026,3,1
674,1121381,29/08/2017,29/08/2017,1178.0,144587.0,35-39,M,30,31,36,95691,15,25.26000011,1,1
675,1121390,29/08/2017,29/08/2017,1178.0,144588.0,35-39,M,31,32,36,15513,1,1.289999962,1,0
676,1121391,20/08/2017,20/08/2017,1178.0,144589.0,35-39,M,32,33,33,382537,63,113.9900012,4,3
677,1121394,20/08/2017,20/08/2017,1178.0,144589.0,35-39,M,32,37,33,461356,64,121.0999982,6,3
678,1121395,23/08/2017,23/08/2017,1178.0,144589.0,35-39,M,32,38,34,392541,53,98.70000017,3,2
679,1121398,23/08/2017,23/08/2017,1178.0,144590.0,35-39,M,36,39,38,35088,5,8.800000072,1,1
680,1121400,23/08/2017,23/08/2017,1178.0,144590.0,35-39,M,36,38,41,53933,6,9.929999948,3,1
681,1121403,24/08/2017,24/08/2017,1178.0,144591.0,35-39,M,63,65,68,228861,33,53.38999939,4,2
682,1121405,24/08/2017,24/08/2017,1178.0,144591.0,35-39,M,63,66,69,20959,2,3.769999981,1,1
683,1121410,24/08/2017,24/08/2017,1178.0,144592.0,35-39,M,64,68,70,24992,2,3.190000057,1,0
684,1121411,24/08/2017,24/08/2017,1178.0,144592.0,35-39,M,64,70,65,100351,15,24.17999995,2,1
685,1121412,24/08/2017,24/08/2017,1178.0,144592.0,35-39,M,64,68,70,292448,43,76.89999968,2,1
686,1121413,23/08/2017,23/08/2017,1178.0,144592.0,35-39,M,64,67,69,65060,7,14.5200001,1,1
687,1121414,23/08/2017,23/08/2017,1178.0,144592.0,35-39,M,64,70,66,133316,21,36.17000055,2,0
688,1121415,23/08/2017,23/08/2017,1178.0,144593.0,35-39,M,65,66,71,113501,26,38.44000077,5,4
689,1121418,23/08/2017,23/08/2017,1178.0,144593.0,35-39,M,65,71,70,192810,41,61.92999995,4,3
690,1121421,21/08/2017,21/08/2017,1178.0,144594.0,35-39,M,2,8,6,233404,43,70.4100008,2,1
691,1121422,23/08/2017,23/08/2017,1178.0,144594.0,35-39,M,2,7,7,128843,24,37.5999999,2,0
692,1121423,23/08/2017,23/08/2017,1178.0,144594.0,35-39,M,2,5,7,63564,12,20.59000027,2,0
693,1121425,23/08/2017,23/08/2017,1178.0,144594.0,35-39,M,2,8,7,85970,14,24.78000021,1,1
694,1121428,23/08/2017,23/08/2017,1178.0,144595.0,35-39,M,7,9,13,131232,16,29.53999937,1,1
695,1121429,23/08/2017,23/08/2017,1178.0,144595.0,35-39,M,7,13,9,152454,22,37.84999979,1,1
696,1121430,23/08/2017,23/08/2017,1178.0,144595.0,35-39,M,7,10,9,28989,2,2.290000021,1,0
697,1121433,24/08/2017,24/08/2017,1178.0,144596.0,35-39,M,66,69,72,80248,15,24.1900003,1,1
698,1121437,24/08/2017,24/08/2017,1178.0,144596.0,35-39,M,66,68,68,38580,5,8.519999981,1,0
699,1121439,25/08/2017,25/08/2017,1178.0,144597.0,40-44,M,10,11,15,621591,91,163.36,5,1
700,1121440,25/08/2017,25/08/2017,1178.0,144597.0,40-44,M,10,15,11,250499,36,58.14000005,3,1
701,1121442,25/08/2017,25/08/2017,1178.0,144597.0,40-44,M,10,15,14,131637,18,29.30999982,2,1
702,1121443,25/08/2017,25/08/2017,1178.0,144597.0,40-44,M,10,12,15,463813,69,116.3399996,4,2
703,1121444,25/08/2017,25/08/2017,1178.0,144597.0,40-44,M,10,13,12,211767,35,60.89999914,5,1
704,1121446,25/08/2017,25/08/2017,1178.0,144598.0,40-44,M,15,17,17,163181,26,40.02000093,1,1
705,1121451,25/08/2017,25/08/2017,1178.0,144599.0,40-44,M,16,20,18,1117385,147,260.0699984,11,2
706,1121452,25/08/2017,25/08/2017,1178.0,144599.0,40-44,M,16,21,22,1663441,205,359.4700001,17,6
707,1121453,25/08/2017,25/08/2017,1178.0,144599.0,40-44,M,16,18,17,455248,54,105.7099996,5,2
708,1121454,25/08/2017,25/08/2017,1178.0,144599.0,40-44,M,16,22,20,75589,6,10.66000009,1,1
709,1121455,24/08/2017,24/08/2017,1178.0,144599.0,40-44,M,16,21,22,594267,82,143.3000009,3,2
710,1121456,24/08/2017,24/08/2017,1178.0,144599.0,40-44,M,16,22,22,315281,35,65.02999854,1,0
711,1121464,24/08/2017,24/08/2017,1178.0,144601.0,40-44,M,19,23,25,363456,71,117.5599997,7,1
712,1121466,24/08/2017,24/08/2017,1178.0,144601.0,40-44,M,19,23,25,438983,81,143.4300001,3,1
713,1121467,24/08/2017,24/08/2017,1178.0,144601.0,40-44,M,19,20,24,42563,5,9.659999847,1,1
714,1121469,25/08/2017,25/08/2017,1178.0,144602.0,40-44,M,20,26,21,399035,75,124.7999995,7,3
715,1121471,24/08/2017,24/08/2017,1178.0,144602.0,40-44,M,20,21,26,304680,59,98.55000019,3,0
716,1121472,24/08/2017,24/08/2017,1178.0,144602.0,40-44,M,20,21,25,140596,23,40.77000022,1,0
717,1121473,24/08/2017,24/08/2017,1178.0,144602.0,40-44,M,20,25,22,439986,80,134.8799999,4,3
718,1121474,21/08/2017,21/08/2017,1178.0,144602.0,40-44,M,20,26,26,75803,11,19.3599999,2,2
719,1121477,21/08/2017,21/08/2017,1178.0,144603.0,40-44,M,21,27,22,7073,0,0.0,1,0
720,1121481,19/08/2017,19/08/2017,1178.0,144604.0,40-44,M,22,27,25,153586,28,43.01000035,2,0
721,1121482,19/08/2017,19/08/2017,1178.0,144604.0,40-44,M,22,24,24,180815,31,42.62999976,1,0
722,1121483,19/08/2017,19/08/2017,1178.0,144604.0,40-44,M,22,26,23,253169,51,75.78999984,1,0
723,1121484,19/08/2017,19/08/2017,1178.0,144604.0,40-44,M,22,28,27,34453,5,7.710000038,1,1
724,1121487,19/08/2017,19/08/2017,1178.0,144605.0,40-44,M,23,25,26,51550,8,14.03999984,1,0
725,1121489,19/08/2017,19/08/2017,1178.0,144605.0,40-44,M,23,28,24,110018,24,39.85999966,1,0
726,1121493,19/08/2017,19/08/2017,1178.0,144606.0,40-44,M,24,28,30,137584,21,36.77999961,1,0
727,1121497,19/08/2017,19/08/2017,1178.0,144606.0,40-44,M,24,25,27,209825,30,54.86999953,1,0
728,1121499,19/08/2017,19/08/2017,1178.0,144607.0,40-44,M,25,27,31,264222,63,87.7899996,1,1
729,1121510,19/08/2017,19/08/2017,1178.0,144608.0,40-44,M,26,30,31,31202,5,6.730000019,1,0
730,1121511,18/08/2017,18/08/2017,1178.0,144609.0,40-44,M,27,29,32,252991,49,76.83999932,3,0
731,1121514,18/08/2017,18/08/2017,1178.0,144609.0,40-44,M,27,31,30,56265,9,15.53999972,1,0
732,1121523,18/08/2017,18/08/2017,1178.0,144611.0,40-44,M,29,32,34,76923,11,17.67000008,2,2
733,1121524,18/08/2017,18/08/2017,1178.0,144611.0,40-44,M,29,30,35,209332,30,49.60000014,3,1
734,1121525,18/08/2017,18/08/2017,1178.0,144611.0,40-44,M,29,32,33,214094,31,53.26999903,1,0
735,1121526,19/08/2017,19/08/2017,1178.0,144611.0,40-44,M,29,35,32,526209,85,126.9299996,3,2
736,1121527,19/08/2017,19/08/2017,1178.0,144611.0,40-44,M,29,35,35,741143,120,179.620001,4,1
737,1121528,19/08/2017,19/08/2017,1178.0,144611.0,40-44,M,29,33,31,172827,25,38.42000043,2,0
738,1121530,19/08/2017,19/08/2017,1178.0,144612.0,40-44,M,30,36,33,188873,38,58.5999999,1,1
739,1121532,19/08/2017,19/08/2017,1178.0,144612.0,40-44,M,30,35,32,123126,25,39.72999978,2,1
740,1121535,20/08/2017,20/08/2017,1178.0,144613.0,40-44,M,31,33,32,77794,14,19.11000001,1,1
741,1121541,21/08/2017,21/08/2017,1178.0,144614.0,40-44,M,32,33,37,56630,9,15.81000018,1,1
742,1121544,21/08/2017,21/08/2017,1178.0,144614.0,40-44,M,32,33,36,400844,85,140.9700022,4,2
743,1121545,20/08/2017,20/08/2017,1178.0,144614.0,40-44,M,32,33,35,208572,36,60.76000023,2,1
744,1121548,21/08/2017,21/08/2017,1178.0,144615.0,40-44,M,36,38,37,59004,8,13.51000011,1,0
745,1121551,21/08/2017,21/08/2017,1178.0,144615.0,40-44,M,36,40,39,196253,32,55.10000002,1,0
746,1121554,21/08/2017,21/08/2017,1178.0,144616.0,40-44,M,63,64,66,51858,8,12.63000011,1,1
747,1121557,21/08/2017,21/08/2017,1178.0,144616.0,40-44,M,63,68,64,280764,49,81.36000025,2,1
748,1121561,21/08/2017,21/08/2017,1178.0,144617.0,40-44,M,64,69,70,63660,11,16.47000003,1,1
749,1121562,20/08/2017,20/08/2017,1178.0,144617.0,40-44,M,64,65,67,109289,19,31.02999997,1,0
750,1121568,20/08/2017,20/08/2017,1178.0,144618.0,40-44,M,65,70,70,188440,40,60.72999966,2,1
751,1121571,20/08/2017,20/08/2017,1178.0,144619.0,40-44,M,2,3,5,212496,44,74.83000135,2,1
752,1121572,20/08/2017,20/08/2017,1178.0,144619.0,40-44,M,2,6,3,32574,5,7.480000019,1,0
753,1121575,20/08/2017,20/08/2017,1178.0,144619.0,40-44,M,2,4,5,128595,23,36.4800005,1,1
754,1121577,20/08/2017,20/08/2017,1178.0,144620.0,40-44,M,7,9,11,242234,48,68.06000054,2,0
755,1121584,20/08/2017,20/08/2017,1178.0,144621.0,40-44,M,66,67,67,33154,5,7.879999995,1,1
756,1121585,20/08/2017,20/08/2017,1178.0,144621.0,40-44,M,66,72,68,9773,1,1.460000038,1,0
757,1121589,20/08/2017,20/08/2017,1178.0,144622.0,45-49,M,10,16,11,464036,77,123.5500004,3,1
758,1121590,20/08/2017,20/08/2017,1178.0,144622.0,45-49,M,10,16,15,478480,75,135.7500012,3,1
759,1121592,20/08/2017,20/08/2017,1178.0,144622.0,45-49,M,10,14,11,428812,66,116.8800001,4,2
760,1121593,26/08/2017,26/08/2017,1178.0,144622.0,45-49,M,10,16,16,1177535,221,365.6600009,15,3
0,1121594,26/08/2017,26/08/2017,,,45-49,M,10,14,14,426500,72,128.2799988,4,1
1,1121597,30/08/2017,30/08/2017,,,45-49,M,15,21,19,54237,7,10.77999985,2,1
2,1121598,30/08/2017,30/08/2017,,,45-49,M,15,19,18,506916,89,133.6999986,2,2
3,1121599,30/08/2017,30/08/2017,,,45-49,M,15,17,18,250960,42,64.87999952,2,0
4,1121601,30/08/2017,30/08/2017,,,45-49,M,16,20,18,2286228,353,603.380002,16,7
5,1121602,30/08/2017,30/08/2017,,,45-49,M,16,21,20,915451,125,220.559999,6,1
6,1121603,30/08/2017,30/08/2017,,,45-49,M,16,21,17,159478,20,33.89999998,3,1
7,1121605,30/08/2017,30/08/2017,,,45-49,M,16,20,17,1228924,190,318.9700032,6,3
8,1121606,30/08/2017,30/08/2017,,,45-49,M,16,22,17,938283,134,248.6400001,7,2
9,1121607,30/08/2017,30/08/2017,,,45-49,M,18,24,23,154572,26,40.93000007,1,1
10,1121609,30/08/2017,30/08/2017,,,45-49,M,18,19,19,378171,70,109.2500008,1,0
11,1121612,29/08/2017,29/08/2017,,,45-49,M,18,19,22,468749,84,134.1199975,6,1
12,1121613,29/08/2017,29/08/2017,,,45-49,M,19,25,25,309823,60,103.3899996,4,4
13,1121615,29/08/2017,29/08/2017,,,45-49,M,19,21,25,327227,65,116.5599996,5,0
14,1121616,29/08/2017,29/08/2017,,,45-49,M,19,23,24,334945,72,120.2999994,2,1
15,1121617,29/08/2017,29/08/2017,,,45-49,M,19,23,22,68859,15,25.45999968,1,0
16,1121619,30/08/2017,30/08/2017,,,45-49,M,20,22,26,127125,20,35.67999983,2,0
17,1121620,30/08/2017,30/08/2017,,,45-49,M,20,21,24,415798,80,131.7800006,3,1
18,1121622,30/08/2017,30/08/2017,,,45-49,M,20,22,23,107671,20,29.91000021,1,1
19,1121623,29/08/2017,29/08/2017,,,45-49,M,20,24,22,164356,28,46.7900002,2,1
20,1121624,30/08/2017,30/08/2017,,,45-49,M,20,26,25,17662,2,3.189999938,1,0
21,1121627,30/08/2017,30/08/2017,,,45-49,M,21,27,27,65339,10,16.67999983,2,0
22,1121628,19/08/2017,19/08/2017,,,45-49,M,21,25,22,59838,7,11.11000013,1,0
23,1121629,19/08/2017,19/08/2017,,,45-49,M,21,24,23,381577,81,127.5699993,2,0
24,1121635,19/08/2017,19/08/2017,,,45-49,M,22,24,27,45491,8,11.00999999,1,0
25,1121638,19/08/2017,19/08/2017,,,45-49,M,23,28,29,18946,2,3.599999905,1,0
26,1121641,19/08/2017,19/08/2017,,,45-49,M,23,29,29,114370,18,33.65999997,1,0
27,1121642,19/08/2017,19/08/2017,,,45-49,M,23,26,29,99698,21,33.3499999,1,0
28,1121644,19/08/2017,19/08/2017,,,45-49,M,24,26,25,355165,81,128.6099997,4,3
29,1121650,19/08/2017,19/08/2017,,,45-49,M,25,26,29,101431,23,33.93000031,1,1
30,1121652,18/08/2017,18/08/2017,,,45-49,M,25,30,29,123151,24,36.4400003,2,1
31,1121660,18/08/2017,18/08/2017,,,45-49,M,26,30,29,24078,4,5.769999981,1,0
32,1121661,18/08/2017,18/08/2017,,,45-49,M,27,33,30,517801,105,181.7200011,3,0
33,1121662,18/08/2017,18/08/2017,,,45-49,M,27,28,32,145104,25,41.42000008,2,1
34,1121664,18/08/2017,18/08/2017,,,45-49,M,27,31,28,179950,35,58.67999971,1,0
35,1121665,18/08/2017,18/08/2017,,,45-49,M,27,31,31,258531,46,80.33999979,2,0
36,1121666,18/08/2017,18/08/2017,,,45-49,M,27,31,29,272500,62,104.4599996,3,0
37,1121667,18/08/2017,18/08/2017,,,45-49,M,28,31,32,273197,57,87.7300005,3,0
38,1121668,18/08/2017,18/08/2017,,,45-49,M,28,30,34,775904,172,253.990002,4,2
39,1121669,18/08/2017,18/08/2017,,,45-49,M,28,33,33,120251,26,39.44000006,1,0
40,1121671,18/08/2017,18/08/2017,,,45-49,M,28,29,32,139406,24,39.04999948,1,0
41,1121672,29/08/2017,29/08/2017,,,45-49,M,28,32,31,60314,11,16.93999958,2,1
42,1121673,29/08/2017,29/08/2017,,,45-49,M,29,34,30,563074,86,142.7099985,4,2
43,1121674,27/08/2017,27/08/2017,,,45-49,M,29,30,30,168655,18,27.29999983,2,0
44,1121675,27/08/2017,27/08/2017,,,45-49,M,29,34,31,111963,17,29.3799994,2,1
45,1121676,27/08/2017,27/08/2017,,,45-49,M,29,32,30,1026304,168,277.5799986,17,8
46,1121677,27/08/2017,27/08/2017,,,45-49,M,29,35,34,1391924,258,422.8400038,17,10
47,1121678,27/08/2017,27/08/2017,,,45-49,M,29,33,33,147551,22,38.50000083,1,0
48,1121685,27/08/2017,27/08/2017,,,45-49,M,31,36,36,66794,9,17.3299998,1,1
49,1121687,27/08/2017,27/08/2017,,,45-49,M,31,37,36,118882,19,32.30999994,2,1
50,1121689,27/08/2017,27/08/2017,,,45-49,M,31,37,35,148010,24,41.96999943,1,0
51,1121691,26/08/2017,26/08/2017,,,45-49,M,32,34,33,932890,197,352.4499989,3,1
52,1121692,26/08/2017,26/08/2017,,,45-49,M,32,34,37,718359,147,264.5899997,4,1
53,1121693,26/08/2017,26/08/2017,,,45-49,M,32,35,35,433658,82,158.5999998,5,2
54,1121695,26/08/2017,26/08/2017,,,45-49,M,32,34,38,29455,3,4.769999981,1,0
55,1121701,26/08/2017,26/08/2017,,,45-49,M,36,38,38,23973,3,4.820000052,1,1
56,1121705,26/08/2017,26/08/2017,,,45-49,M,63,68,67,126480,25,37.25999999,1,1
57,1121706,26/08/2017,26/08/2017,,,45-49,M,63,64,67,138959,28,39.5200007,1,0
58,1121708,26/08/2017,26/08/2017,,,45-49,M,63,65,68,68829,12,19.47999978,1,0
59,1121711,26/08/2017,26/08/2017,,,45-49,M,64,69,65,49916,10,16.38,1,1
60,1121716,26/08/2017,26/08/2017,,,45-49,M,65,67,67,76014,16,22.67000031,1,1
61,1121723,26/08/2017,26/08/2017,,,45-49,M,2,5,4,50947,10,15.99000025,1,0
62,1121733,27/08/2017,27/08/2017,,,45-49,M,66,71,70,55536,11,17.04999995,1,0
63,1121741,27/08/2017,27/08/2017,,,30-34,F,10,13,14,318042,46,64.40999997,8,4
64,1121742,28/08/2017,28/08/2017,,,30-34,F,10,14,11,213016,30,44.21999955,8,2
65,1121745,28/08/2017,28/08/2017,,,30-34,F,15,19,16,182265,27,38.18000007,2,1
66,1121746,28/08/2017,28/08/2017,,,30-34,F,15,17,18,1117371,177,268.050002,26,5
67,1121749,28/08/2017,28/08/2017,,,30-34,F,15,17,17,333345,52,77.59000027,5,1
68,1121751,29/08/2017,29/08/2017,,,30-34,F,16,17,21,275930,30,46.77999997,5,2
69,1121753,29/08/2017,29/08/2017,,,30-34,F,16,20,19,740631,101,153.1199975,9,1
70,1121754,29/08/2017,29/08/2017,,,30-34,F,16,17,17,328272,35,55.99000025,2,1
71,1121755,29/08/2017,29/08/2017,,,30-34,F,16,20,21,178455,20,31.5400002,6,3
72,1121756,29/08/2017,29/08/2017,,,30-34,F,16,18,19,705712,98,147.339999,6,1
73,1121758,28/08/2017,28/08/2017,,,30-34,F,18,19,20,690373,91,159.5700021,5,2
74,1121759,28/08/2017,28/08/2017,,,30-34,F,18,21,19,515812,69,117.6299995,3,1
75,1121760,28/08/2017,28/08/2017,,,30-34,F,18,21,21,764793,101,171.9799976,4,2
76,1121763,28/08/2017,28/08/2017,,,30-34,F,19,22,23,87832,11,18.10000038,1,1
77,1121764,28/08/2017,28/08/2017,,,30-34,F,19,22,23,23368,3,4.300000191,1,0
78,1121765,28/08/2017,28/08/2017,,,30-34,F,19,24,23,51509,7,11.57000005,1,0
79,1121767,28/08/2017,28/08/2017,,,30-34,F,19,20,23,87043,16,24.48000002,2,0
80,1121768,28/08/2017,28/08/2017,,,30-34,F,19,20,25,565565,113,169.6699982,7,4
81,1121769,28/08/2017,28/08/2017,,,30-34,F,20,26,26,253758,43,62.14000034,4,1
82,1121773,28/08/2017,28/08/2017,,,30-34,F,20,22,21,319131,51,76.68000025,6,1
83,1121774,28/08/2017,28/08/2017,,,30-34,F,20,22,21,670608,130,195.1499978,11,3
84,1121775,18/08/2017,18/08/2017,,,30-34,F,21,24,25,159123,25,38.36000013,5,3
85,1121776,18/08/2017,18/08/2017,,,30-34,F,21,23,22,103709,15,24.56999969,3,1
86,1121779,22/08/2017,22/08/2017,,,30-34,F,21,27,23,271589,45,74.41000032,9,3
87,1121780,22/08/2017,22/08/2017,,,30-34,F,21,25,22,119772,20,33.46999907,5,2
88,1121782,21/08/2017,21/08/2017,,,30-34,F,22,23,23,26340,3,4.220000029,1,1
89,1121783,22/08/2017,22/08/2017,,,30-34,F,22,27,28,594968,111,147.6700006,4,0
90,1121791,22/08/2017,22/08/2017,,,30-34,F,23,25,24,6838,0,0.0,1,0
91,1121793,22/08/2017,22/08/2017,,,30-34,F,24,30,25,185665,39,62.14000058,1,0
92,1121795,22/08/2017,22/08/2017,,,30-34,F,24,29,25,24959,3,4.560000062,1,1
93,1121796,22/08/2017,22/08/2017,,,30-34,F,24,28,27,136967,23,35.05999982,3,1
94,1121798,21/08/2017,21/08/2017,,,30-34,F,24,26,26,107548,19,29.31000018,1,0
95,1121803,21/08/2017,21/08/2017,,,30-34,F,25,31,28,588617,119,169.9199973,2,0
96,1121806,20/08/2017,20/08/2017,,,30-34,F,26,31,30,190560,26,41.63,3,1
97,1121807,20/08/2017,20/08/2017,,,30-34,F,26,30,32,373110,49,75.70000076,4,2
98,1121812,20/08/2017,20/08/2017,,,30-34,F,27,33,29,935646,170,256.4699982,19,6
99,1121814,21/08/2017,21/08/2017,,,30-34,F,27,28,31,2223278,421,612.3000032,38,13
100,1121815,21/08/2017,21/08/2017,,,30-34,F,27,33,28,240497,36,51.84000087,1,0
101,1121816,21/08/2017,21/08/2017,,,30-34,F,27,30,30,259984,37,54.7900002,5,0
102,1121817,21/08/2017,21/08/2017,,,30-34,F,28,31,29,606786,127,179.050001,11,3
103,1121818,21/08/2017,21/08/2017,,,30-34,F,28,31,34,83270,13,17.74000001,1,0
104,1121819,21/08/2017,21/08/2017,,,30-34,F,28,34,29,1189509,268,375.7199963,7,3
105,1121820,22/08/2017,22/08/2017,,,30-34,F,28,29,32,11471,1,1.570000052,0,0
106,1121824,22/08/2017,22/08/2017,,,30-34,F,29,35,34,1705246,295,429.4799981,23,10
107,1121826,23/08/2017,23/08/2017,,,30-34,F,29,31,30,418016,63,95.8500005,3,1
108,1121827,23/08/2017,23/08/2017,,,30-34,F,29,31,30,30155,3,3.819999933,1,0
109,1121828,23/08/2017,23/08/2017,,,30-34,F,29,33,33,990404,153,226.5399992,12,6
110,1121829,24/08/2017,24/08/2017,,,30-34,F,30,35,35,187468,34,50.72000062,2,1
111,1121832,24/08/2017,24/08/2017,,,30-34,F,30,36,36,208301,33,54.57000089,1,0
112,1121833,24/08/2017,24/08/2017,,,30-34,F,30,36,36,101856,16,25.22000039,4,1
113,1121835,24/08/2017,24/08/2017,,,30-34,F,31,35,36,48935,7,9.970000267,1,1
114,1121839,24/08/2017,24/08/2017,,,30-34,F,31,33,34,13911,1,1.730000019,1,1
115,1121841,23/08/2017,23/08/2017,,,30-34,F,32,38,34,511726,77,123.0900019,8,4
116,1121843,23/08/2017,23/08/2017,,,30-34,F,32,38,37,177452,24,37.83000016,2,0
117,1121844,23/08/2017,23/08/2017,,,30-34,F,32,38,36,149808,20,33.03999937,1,1
118,1121845,22/08/2017,22/08/2017,,,30-34,F,32,34,38,390339,60,105.0199997,9,6
119,1121846,22/08/2017,22/08/2017,,,30-34,F,32,37,34,8350,0,0.0,1,0
120,1121847,23/08/2017,23/08/2017,,,30-34,F,36,38,37,39339,4,5.929999948,1,0
121,1121854,23/08/2017,23/08/2017,,,30-34,F,63,65,64,8587,0,0.0,1,0
122,1121855,23/08/2017,23/08/2017,,,30-34,F,63,67,65,24893,2,3.75,1,0
123,1121856,23/08/2017,23/08/2017,,,30-34,F,63,64,64,1296189,212,343.2599944,14,4
124,1121857,23/08/2017,23/08/2017,,,30-34,F,63,65,65,91607,12,19.1899997,2,1
125,1121859,23/08/2017,23/08/2017,,,30-34,F,64,67,67,238036,38,61.02999771,6,3
126,1121860,20/08/2017,20/08/2017,,,30-34,F,64,67,68,254344,35,56.16999996,2,1
127,1121861,20/08/2017,20/08/2017,,,30-34,F,64,66,69,157705,23,39.23000026,2,0
128,1121862,17/08/2017,17/08/2017,,,30-34,F,64,67,69,411571,60,99.1799984,6,1
129,1121863,17/08/2017,17/08/2017,,,30-34,F,64,69,70,94136,11,16.17999971,1,0
130,1121867,17/08/2017,17/08/2017,,,30-34,F,65,69,71,82640,16,23.97000039,1,1
131,1121869,18/08/2017,18/08/2017,,,30-34,F,65,69,68,17870,2,2.620000005,1,1
132,1121871,18/08/2017,18/08/2017,,,30-34,F,2,8,7,19178,2,2.779999971,1,1
133,1121873,18/08/2017,18/08/2017,,,30-34,F,2,6,7,5264,0,0.0,1,0
134,1121874,18/08/2017,18/08/2017,,,30-34,F,2,8,4,145548,28,42.37000036,2,1
135,1121876,18/08/2017,18/08/2017,,,30-34,F,2,6,8,82455,15,22.04999971,1,0
136,1121877,17/08/2017,17/08/2017,,,30-34,F,7,10,9,44189,7,10.31999981,2,0
137,1121878,17/08/2017,17/08/2017,,,30-34,F,7,8,8,45199,7,9.809999943,1,0
138,1121881,30/08/2017,30/08/2017,,,30-34,F,7,8,13,221843,43,63.45000076,5,0
139,1121888,30/08/2017,30/08/2017,,,30-34,F,66,72,69,41672,6,10.54999995,2,1
140,1121889,30/08/2017,30/08/2017,,,35-39,F,10,15,13,127546,25,38.94000041,2,0
141,1121890,17/08/2017,17/08/2017,,,35-39,F,10,16,15,127865,28,38.02999961,3,1
142,1121891,17/08/2017,17/08/2017,,,35-39,F,10,15,13,1025327,229,314.2999983,16,2
143,1121894,17/08/2017,17/08/2017,,,35-39,F,10,14,14,561415,124,173.76,3,0
144,1121895,17/08/2017,17/08/2017,,,35-39,F,15,21,21,132803,25,37.32000124,2,1
145,1121897,17/08/2017,17/08/2017,,,35-39,F,15,18,17,24664,2,2.629999995,1,1
146,1121901,17/08/2017,17/08/2017,,,35-39,F,16,17,21,1020561,172,263.8100007,7,3
147,1121902,18/08/2017,18/08/2017,,,35-39,F,16,17,22,682143,114,177.1099993,6,2
148,1121903,18/08/2017,18/08/2017,,,35-39,F,16,18,18,1247717,222,343.4199994,11,4
149,1121904,19/08/2017,19/08/2017,,,35-39,F,16,21,18,146406,23,33.22999942,1,1
150,1121905,19/08/2017,19/08/2017,,,35-39,F,16,17,21,905699,161,234.6599982,4,1
151,1121906,19/08/2017,19/08/2017,,,35-39,F,16,21,17,1184580,194,297.8299981,14,3
152,1121907,20/08/2017,20/08/2017,,,35-39,F,18,22,19,98057,20,31.00999963,1,1
153,1121917,20/08/2017,20/08/2017,,,35-39,F,19,22,24,238735,56,84.65999889,4,1
154,1121918,20/08/2017,20/08/2017,,,35-39,F,19,23,25,320657,77,115.8800026,2,0
155,1121925,20/08/2017,20/08/2017,,,35-39,F,21,27,23,244074,57,84.51000023,4,2
156,1121928,20/08/2017,20/08/2017,,,35-39,F,21,27,24,39146,8,13.05999959,1,0
157,1121931,20/08/2017,20/08/2017,,,35-39,F,22,26,23,78468,15,23.64999962,1,0
158,1121933,19/08/2017,19/08/2017,,,35-39,F,22,24,26,325653,63,89.35000026,2,0
159,1121935,19/08/2017,19/08/2017,,,35-39,F,22,25,23,66277,12,17.30000019,1,0
160,1121936,18/08/2017,18/08/2017,,,35-39,F,22,26,25,93002,16,23.33999968,1,0
161,1121944,18/08/2017,18/08/2017,,,35-39,F,24,25,29,109723,27,40.9600004,1,0
162,1121948,18/08/2017,18/08/2017,,,35-39,F,24,27,28,118941,35,50.11000001,4,1
163,1121949,19/08/2017,19/08/2017,,,35-39,F,25,27,27,221576,47,66.79000068,6,1
164,1121953,19/08/2017,19/08/2017,,,35-39,F,25,29,27,8341,1,1.639999986,1,0
165,1121954,19/08/2017,19/08/2017,,,35-39,F,25,30,27,120335,26,36.2299993,2,0
166,1121955,19/08/2017,19/08/2017,,,35-39,F,26,28,31,182098,40,62.86999989,1,1
167,1121956,19/08/2017,19/08/2017,,,35-39,F,26,31,28,227473,52,71.58000052,1,1
168,1121962,19/08/2017,19/08/2017,,,35-39,F,27,30,32,1050947,230,350.5099957,6,1
169,1121963,24/08/2017,24/08/2017,,,35-39,F,27,32,28,720859,162,213.6899986,13,5
170,1121971,24/08/2017,24/08/2017,,,35-39,F,28,31,32,41111,8,10.96000016,1,0
171,1121973,30/08/2017,30/08/2017,,,35-39,F,29,31,34,148616,25,37.39999962,6,4
172,1121976,30/08/2017,30/08/2017,,,35-39,F,29,34,34,707260,135,210.8200028,13,6
173,1121977,30/08/2017,30/08/2017,,,35-39,F,29,32,32,139596,26,42.41000032,1,1
174,1121983,30/08/2017,30/08/2017,,,35-39,F,30,34,31,105399,22,33.19999933,2,0
175,1121994,30/08/2017,30/08/2017,,,35-39,F,32,33,34,222378,50,72.91000104,1,0
176,1122003,17/08/2017,17/08/2017,,,35-39,F,63,69,68,975792,210,293.8800011,10,4
177,1122004,30/08/2017,30/08/2017,,,35-39,F,63,65,67,579150,125,167.0499997,5,1
178,1122005,30/08/2017,30/08/2017,,,35-39,F,63,65,69,449588,81,123.800001,5,2
179,1122006,30/08/2017,30/08/2017,,,35-39,F,63,68,65,318157,56,85.70000196,3,0
180,1122007,30/08/2017,30/08/2017,,,35-39,F,63,65,64,196967,43,65.17999971,2,1
181,1122011,29/08/2017,29/08/2017,,,35-39,F,64,70,67,158298,37,46.43000007,4,1
182,1122012,29/08/2017,29/08/2017,,,35-39,F,64,67,69,222739,55,68.55999959,5,2
183,1122022,29/08/2017,29/08/2017,,,35-39,F,2,4,3,20780,5,8.189999938,1,0
184,1122027,29/08/2017,29/08/2017,,,35-39,F,7,9,8,128616,33,48.54999948,2,0
185,1122039,29/08/2017,29/08/2017,,,40-44,F,10,12,15,258954,61,82.27999902,1,0
186,1122040,30/08/2017,30/08/2017,,,40-44,F,10,15,11,205289,48,71.53000104,3,0
187,1122041,30/08/2017,30/08/2017,,,40-44,F,10,13,12,611601,138,191.419996,8,3
188,1122043,30/08/2017,30/08/2017,,,40-44,F,10,13,14,947657,233,321.8700004,8,4
189,1122044,29/08/2017,29/08/2017,,,40-44,F,10,16,14,233043,49,65.03000033,2,0
190,1122047,17/08/2017,17/08/2017,,,40-44,F,15,18,21,582725,142,194.8099988,9,2
191,1122052,17/08/2017,17/08/2017,,,40-44,F,16,20,19,265038,51,78.45999932,2,1
192,1122054,18/08/2017,18/08/2017,,,40-44,F,16,20,18,222273,39,53.62999868,6,1
193,1122055,18/08/2017,18/08/2017,,,40-44,F,16,22,19,797234,170,243.7699978,4,1
194,1122056,17/08/2017,17/08/2017,,,40-44,F,16,19,21,925555,182,262.8899981,4,2
195,1122058,18/08/2017,18/08/2017,,,40-44,F,18,19,24,22210,3,4.050000191,1,1
196,1122075,18/08/2017,18/08/2017,,,40-44,F,21,25,23,46391,11,16.40999985,3,1
197,1122078,18/08/2017,18/08/2017,,,40-44,F,21,27,25,190477,42,66.38999987,1,0
198,1122079,18/08/2017,18/08/2017,,,40-44,F,21,24,27,25382,7,9.609999895,1,0
199,1122085,18/08/2017,18/08/2017,,,40-44,F,22,26,25,65726,17,22.12000012,2,0
200,1122089,17/08/2017,17/08/2017,,,40-44,F,23,25,29,195220,51,78.06000042,1,0
201,1122092,17/08/2017,17/08/2017,,,40-44,F,23,25,26,107501,27,40.87999928,2,2
202,1122101,17/08/2017,17/08/2017,,,40-44,F,25,26,30,197772,63,88.21000016,7,2
203,1122102,17/08/2017,17/08/2017,,,40-44,F,25,30,29,138154,35,48.93999863,1,0
204,1122103,17/08/2017,17/08/2017,,,40-44,F,25,26,30,270124,69,95.84999895,2,0
205,1122105,17/08/2017,17/08/2017,,,40-44,F,26,28,27,303971,77,106.9299998,11,6
206,1122107,17/08/2017,17/08/2017,,,40-44,F,26,30,29,682046,183,254.419997,4,2
207,1122109,17/08/2017,17/08/2017,,,40-44,F,26,27,28,328365,83,117.3400005,2,1
208,1122112,17/08/2017,17/08/2017,,,40-44,F,27,31,33,1083259,276,390.2599992,11,0
209,1122113,17/08/2017,17/08/2017,,,40-44,F,27,33,28,913929,245,340.4099993,7,2
210,1122118,17/08/2017,17/08/2017,,,40-44,F,28,31,33,101586,24,33.47000039,2,1
211,1122120,29/08/2017,29/08/2017,,,40-44,F,28,30,32,181053,46,66.27999985,3,1
212,1122121,29/08/2017,29/08/2017,,,40-44,F,28,30,34,133419,35,48.18000007,2,1
213,1122125,26/08/2017,26/08/2017,,,40-44,F,29,34,32,489573,113,156.1199993,3,2
214,1122127,26/08/2017,26/08/2017,,,40-44,F,29,32,31,822023,194,288.3300035,6,0
215,1122131,26/08/2017,26/08/2017,,,40-44,F,30,32,35,93176,29,40.37000024,1,1
216,1122138,26/08/2017,26/08/2017,,,40-44,F,31,32,37,47229,13,19.27999985,1,0
217,1122139,26/08/2017,26/08/2017,,,40-44,F,31,36,32,92263,24,34.03000015,1,0
218,1122140,26/08/2017,26/08/2017,,,40-44,F,31,35,35,81551,21,29.67000008,1,0
219,1122145,26/08/2017,26/08/2017,,,40-44,F,32,35,34,141037,32,47.78999913,3,0
220,1122146,26/08/2017,26/08/2017,,,40-44,F,32,38,37,319501,79,111.6500003,0,0
221,1122149,26/08/2017,26/08/2017,,,40-44,F,36,41,37,72741,19,24.33000016,2,0
222,1122154,25/08/2017,25/08/2017,,,40-44,F,63,66,68,597419,135,188.5100002,2,1
223,1122157,25/08/2017,25/08/2017,,,40-44,F,63,69,66,98768,21,33.14000034,1,1
224,1122160,24/08/2017,24/08/2017,,,40-44,F,64,69,67,173165,41,59.85000026,1,0
225,1122165,24/08/2017,24/08/2017,,,40-44,F,65,68,69,55823,13,21.10999966,1,1
226,1122166,25/08/2017,25/08/2017,,,40-44,F,65,66,68,118451,28,38.35000062,4,1
227,1122176,25/08/2017,25/08/2017,,,40-44,F,2,6,8,74424,22,30.84000027,1,1
228,1122177,25/08/2017,25/08/2017,,,40-44,F,7,10,12,47929,12,14.58999991,1,1
229,1122182,25/08/2017,25/08/2017,,,40-44,F,7,10,8,40801,12,15.91999972,0,0
230,1122183,25/08/2017,25/08/2017,,,40-44,F,66,71,67,66017,17,24.22000015,1,0
231,1122189,25/08/2017,25/08/2017,,,45-49,F,10,16,14,725043,179,238.4000007,5,3
232,1122191,27/08/2017,27/08/2017,,,45-49,F,10,16,16,382776,97,132.7300007,5,1
233,1122192,27/08/2017,27/08/2017,,,45-49,F,10,16,13,548250,137,201.6000042,5,1
234,1122193,28/08/2017,28/08/2017,,,45-49,F,10,11,15,1358324,346,465.0799981,8,2
235,1122197,28/08/2017,28/08/2017,,,45-49,F,15,16,20,662249,163,234.9399992,2,0
236,1122200,28/08/2017,28/08/2017,,,45-49,F,15,16,16,559554,139,195.0799994,2,0
237,1122201,28/08/2017,28/08/2017,,,45-49,F,16,19,21,320757,68,104.6899989,2,0
238,1122202,28/08/2017,28/08/2017,,,45-49,F,16,20,19,906151,202,295.5499957,1,0
239,1122203,29/08/2017,29/08/2017,,,45-49,F,16,22,19,699314,164,226.0300014,3,0
240,1122204,28/08/2017,28/08/2017,,,45-49,F,16,21,22,850337,198,287.690003,3,1
241,1122205,28/08/2017,28/08/2017,,,45-49,F,16,20,22,1015460,247,315.9000051,9,2
242,1122209,28/08/2017,28/08/2017,,,45-49,F,18,19,20,890295,227,332.9899989,1,0
243,1122210,28/08/2017,28/08/2017,,,45-49,F,18,21,20,791817,194,282.490001,4,2
244,1122211,27/08/2017,27/08/2017,,,45-49,F,18,24,21,317601,76,115.6600008,1,0
245,1122212,27/08/2017,27/08/2017,,,45-49,F,18,23,24,685211,164,247.3200026,4,3
246,1122213,27/08/2017,27/08/2017,,,45-49,F,19,24,23,32781,7,11.20000017,2,2
247,1122216,27/08/2017,27/08/2017,,,45-49,F,19,23,22,76785,19,25.45999998,3,0
248,1122217,27/08/2017,27/08/2017,,,45-49,F,19,24,23,719083,206,299.5299983,12,5
249,1122223,27/08/2017,27/08/2017,,,45-49,F,20,23,23,368480,107,140.4200011,5,4
250,1122224,27/08/2017,27/08/2017,,,45-49,F,20,24,25,260945,73,100.8800011,2,2
251,1122225,27/08/2017,27/08/2017,,,45-49,F,21,22,27,40998,10,13.35000038,1,0
252,1122227,27/08/2017,27/08/2017,,,45-49,F,21,27,26,183293,53,73.74999964,2,1
253,1122232,27/08/2017,27/08/2017,,,45-49,F,22,24,23,221561,55,76.75999916,1,0
254,1122233,19/08/2017,19/08/2017,,,45-49,F,22,24,24,436943,109,145.8199974,1,1
255,1122240,19/08/2017,19/08/2017,,,45-49,F,23,26,26,284488,90,125.2700011,1,1
256,1122244,25/08/2017,25/08/2017,,,45-49,F,24,26,26,85083,32,38.62999976,1,1
257,1122246,25/08/2017,25/08/2017,,,45-49,F,24,28,25,14167,5,7.139999986,1,0
258,1122249,24/08/2017,24/08/2017,,,45-49,F,25,29,28,300637,84,116.9899981,2,0
259,1122253,25/08/2017,25/08/2017,,,45-49,F,25,27,28,449921,129,175.9700005,5,1
260,1122254,25/08/2017,25/08/2017,,,45-49,F,25,31,31,282899,71,105.6600007,1,0
261,1122257,25/08/2017,25/08/2017,,,45-49,F,26,29,32,669671,186,259.1799988,4,1
262,1122258,25/08/2017,25/08/2017,,,45-49,F,26,28,30,108655,28,46.92000186,1,0
263,1122260,25/08/2017,25/08/2017,,,45-49,F,26,32,31,536248,146,187.7399978,3,0
264,1122262,24/08/2017,24/08/2017,,,45-49,F,27,29,30,1055017,265,380.6599952,16,2
265,1122265,24/08/2017,24/08/2017,,,45-49,F,27,30,28,1428421,367,541.7000023,10,0
266,1122266,24/08/2017,24/08/2017,,,45-49,F,27,31,30,1088027,272,409.5600026,9,4
267,1122267,23/08/2017,23/08/2017,,,45-49,F,28,29,33,288517,78,102.3900002,3,0
268,1122268,23/08/2017,23/08/2017,,,45-49,F,28,31,30,202231,53,67.13000107,3,1
269,1122270,24/08/2017,24/08/2017,,,45-49,F,28,34,32,73222,16,22.86000025,1,0
270,1122271,24/08/2017,24/08/2017,,,45-49,F,28,29,34,348542,96,134.889999,2,0
271,1122273,24/08/2017,24/08/2017,,,45-49,F,29,32,30,1097966,266,369.069997,16,8
272,1122274,24/08/2017,24/08/2017,,,45-49,F,29,33,31,526923,138,198.0899972,2,1
273,1122276,24/08/2017,24/08/2017,,,45-49,F,29,34,34,264386,66,91.00000054,4,1
274,1122277,24/08/2017,24/08/2017,,,45-49,F,29,30,30,854940,227,297.9100007,8,3
275,1122279,25/08/2017,25/08/2017,,,45-49,F,30,33,36,113567,34,50.29000044,3,0
276,1122282,25/08/2017,25/08/2017,,,45-49,F,30,31,35,22859,6,9.419999838,1,0
277,1122288,27/08/2017,27/08/2017,,,45-49,F,31,32,33,51754,13,20.51999998,1,0
278,1122290,26/08/2017,26/08/2017,,,45-49,F,31,32,33,104347,28,38.13999993,4,3
279,1122303,26/08/2017,26/08/2017,,,45-49,F,63,67,66,391998,97,142.0500025,3,1
280,1122304,27/08/2017,27/08/2017,,,45-49,F,63,64,66,1111156,282,402.3000026,5,0
281,1122308,27/08/2017,27/08/2017,,,45-49,F,63,64,68,427772,117,159.299999,3,1
282,1122310,27/08/2017,27/08/2017,,,45-49,F,64,66,65,536457,136,193.6599991,2,1
283,1122311,27/08/2017,27/08/2017,,,45-49,F,64,69,68,179894,43,66.83999872,2,0
284,1122312,27/08/2017,27/08/2017,,,45-49,F,64,70,66,479882,131,178.6700007,6,0
285,1122313,26/08/2017,26/08/2017,,,45-49,F,64,70,69,358261,91,130.3600011,1,0
286,1122316,26/08/2017,26/08/2017,,,45-49,F,65,67,67,346688,88,114.8599998,2,0
287,1314296,26/08/2017,26/08/2017,,,30-34,M,100,106,105,33445,2,3.199999928,1,0
288,1314297,25/08/2017,25/08/2017,,,30-34,M,101,106,103,72228,5,7.529999852,4,4
289,1314298,25/08/2017,25/08/2017,,,30-34,M,102,104,107,49699,2,2.690000057,2,1
290,1314299,26/08/2017,26/08/2017,,,30-34,M,103,107,108,189761,18,27.32999969,4,1
291,1314301,26/08/2017,26/08/2017,,,30-34,M,105,108,107,312524,37,53.78999972,2,0
292,1314303,26/08/2017,26/08/2017,,,30-34,M,107,108,110,496760,42,61.00999904,10,3
293,1314306,26/08/2017,26/08/2017,,,30-34,M,110,112,111,310988,34,46.66999936,11,3
294,1314307,26/08/2017,26/08/2017,,,30-34,M,111,112,113,98606,9,12.10999984,1,0
295,1314308,26/08/2017,26/08/2017,,,30-34,M,112,117,115,51104,2,3.199999928,3,1
296,1314309,23/08/2017,23/08/2017,,,30-34,M,113,116,115,276762,22,32.09000015,5,1
297,1314312,23/08/2017,23/08/2017,,,35-39,M,101,105,103,33534,2,2.960000038,1,1
298,1314313,21/08/2017,21/08/2017,,,35-39,M,102,104,107,128859,16,23.69999957,1,0
299,1314314,21/08/2017,21/08/2017,,,35-39,M,103,104,105,92080,12,16.94000018,3,2
300,1314316,21/08/2017,21/08/2017,,,35-39,M,105,107,107,211882,33,46.64999926,3,1
301,1314318,21/08/2017,21/08/2017,,,35-39,M,107,110,109,112776,9,12.67999995,1,0
302,1314319,21/08/2017,21/08/2017,,,35-39,M,108,113,111,145324,14,19.82000005,2,1
303,1314320,21/08/2017,21/08/2017,,,35-39,M,109,113,115,106492,14,21.26000023,2,0
304,1314321,21/08/2017,21/08/2017,,,35-39,M,110,112,111,233845,30,40.73000062,3,0
305,1314323,21/08/2017,21/08/2017,,,35-39,M,112,117,118,155426,17,25.01000023,3,0
306,1314324,21/08/2017,21/08/2017,,,35-39,M,113,116,114,97540,8,11.5199995,2,1
307,1314325,21/08/2017,21/08/2017,,,35-39,M,114,117,120,61441,5,7.700000048,1,0
308,1314326,20/08/2017,20/08/2017,,,40-44,M,100,104,104,76703,9,12.14999962,3,1
309,1314327,20/08/2017,20/08/2017,,,40-44,M,101,107,105,68619,10,14.96000034,1,0
310,1314330,20/08/2017,20/08/2017,,,40-44,M,104,108,108,17559,1,1.49000001,1,1
311,1314331,20/08/2017,20/08/2017,,,40-44,M,105,107,108,137879,19,28.47000003,2,0
312,1314332,20/08/2017,20/08/2017,,,40-44,M,106,110,112,67710,10,15.14999998,1,0
313,1314333,21/08/2017,21/08/2017,,,40-44,M,107,113,108,348180,41,60.22999907,3,1
314,1314334,21/08/2017,21/08/2017,,,40-44,M,108,110,112,146246,18,28.71999955,3,1
315,1314336,20/08/2017,20/08/2017,,,40-44,M,110,116,113,187236,24,34.86999965,2,2
316,1314337,20/08/2017,20/08/2017,,,40-44,M,111,112,112,72157,9,13.50000036,1,1
317,1314338,21/08/2017,21/08/2017,,,40-44,M,112,113,114,91180,10,13.55999994,1,0
318,1314339,22/08/2017,22/08/2017,,,40-44,M,113,114,116,86293,6,9.259999871,1,1
319,1314341,23/08/2017,23/08/2017,,,45-49,M,100,105,106,101410,12,17.94000006,4,0
320,1314343,23/08/2017,23/08/2017,,,45-49,M,102,107,103,134245,18,25.75000024,2,1
321,1314345,23/08/2017,23/08/2017,,,45-49,M,104,105,107,125650,20,30.08000076,4,0
322,1314346,23/08/2017,23/08/2017,,,45-49,M,105,109,106,50406,5,7.26000011,1,1
323,1314348,23/08/2017,23/08/2017,,,45-49,M,107,113,111,121769,13,18.41999996,2,1
324,1314349,23/08/2017,23/08/2017,,,45-49,M,108,113,113,267106,34,50.5,4,1
325,1314350,23/08/2017,23/08/2017,,,45-49,M,109,115,115,365539,57,82.13999915,5,2
326,1314351,23/08/2017,23/08/2017,,,45-49,M,110,114,111,188758,25,36.60000038,2,1
327,1314353,22/08/2017,22/08/2017,,,45-49,M,112,114,114,108426,13,19.58000016,1,0
328,1314354,22/08/2017,22/08/2017,,,45-49,M,113,116,116,138525,9,13.65000045,3,0
329,1314355,22/08/2017,22/08/2017,,,45-49,M,114,117,118,150858,21,30.26000011,1,0
330,1314357,22/08/2017,22/08/2017,,,30-34,F,101,102,102,524306,81,113.6800029,10,4
331,1314358,22/08/2017,22/08/2017,,,30-34,F,102,103,103,104496,9,11.42999983,3,2
332,1314359,22/08/2017,22/08/2017,,,30-34,F,103,109,105,452519,68,99.52000237,7,2
333,1314360,22/08/2017,22/08/2017,,,30-34,F,104,105,108,442919,76,110.7800021,21,2
334,1314361,22/08/2017,22/08/2017,,,30-34,F,105,111,107,596831,86,120.8799992,11,0
335,1314362,22/08/2017,22/08/2017,,,30-34,F,106,109,108,173912,26,35.54000032,2,1
336,1314363,22/08/2017,22/08/2017,,,30-34,F,107,109,113,780967,86,119.6400018,20,4
337,1314364,22/08/2017,22/08/2017,,,30-34,F,108,111,111,132124,8,11.18999994,4,0
338,1314365,27/08/2017,27/08/2017,,,30-34,F,109,110,112,623137,100,138.9200006,12,1
339,1314366,27/08/2017,27/08/2017,,,30-34,F,110,114,111,99020,10,14.48000044,4,1
340,1314367,18/08/2017,18/08/2017,,,30-34,F,111,113,114,665817,117,163.8000002,23,9
341,1314368,18/08/2017,18/08/2017,,,30-34,F,112,114,113,699232,80,111.9899995,12,3
342,1314371,18/08/2017,18/08/2017,,,35-39,F,100,103,102,72982,11,15.04999995,1,0
343,1314372,18/08/2017,18/08/2017,,,35-39,F,101,107,104,975884,167,237.3199975,14,3
344,1314373,18/08/2017,18/08/2017,,,35-39,F,102,106,103,245607,33,47.87999952,3,1
345,1314377,18/08/2017,18/08/2017,,,35-39,F,106,111,109,485369,114,164.6400015,3,0
346,1314378,18/08/2017,18/08/2017,,,35-39,F,107,111,112,866355,139,200.8299961,11,5
347,1314379,18/08/2017,18/08/2017,,,35-39,F,108,110,110,502710,72,105.2199969,8,2
348,1314380,18/08/2017,18/08/2017,,,35-39,F,109,114,111,475184,88,127.3200028,4,1
349,1314381,17/08/2017,17/08/2017,,,35-39,F,110,111,111,357401,47,68.67000008,8,1
350,1314382,17/08/2017,17/08/2017,,,35-39,F,111,114,112,99810,14,20.05000019,2,0
351,1314383,17/08/2017,17/08/2017,,,35-39,F,112,116,114,81569,6,9.409999967,3,1
352,1314384,17/08/2017,17/08/2017,,,35-39,F,113,115,114,441192,53,77.59999979,6,2
353,1314385,17/08/2017,17/08/2017,,,35-39,F,114,115,116,90470,11,16.73000002,1,1
354,1314386,17/08/2017,17/08/2017,,,40-44,F,100,102,102,834243,166,246.7499975,18,7
355,1314387,17/08/2017,17/08/2017,,,40-44,F,101,105,106,696612,152,223.1899948,31,9
356,1314388,17/08/2017,17/08/2017,,,40-44,F,102,103,106,329333,48,67.60999918,1,0
357,1314389,17/08/2017,17/08/2017,,,40-44,F,103,104,105,1114711,224,319.0000019,6,0
358,1314390,17/08/2017,17/08/2017,,,40-44,F,104,107,107,267316,58,82.92999887,3,0
359,1314391,19/08/2017,19/08/2017,,,40-44,F,105,109,106,228629,38,57.0,2,0
360,1314392,19/08/2017,19/08/2017,,,40-44,F,106,107,111,758340,159,233.110002,13,4
361,1314393,20/08/2017,20/08/2017,,,40-44,F,107,108,110,877535,149,217.7799966,5,2
362,1314394,20/08/2017,20/08/2017,,,40-44,F,108,113,112,1357386,223,323.0600071,10,1
363,1314395,20/08/2017,20/08/2017,,,40-44,F,109,115,115,280240,61,87.99000168,2,2
364,1314396,20/08/2017,20/08/2017,,,40-44,F,110,116,116,419922,75,105.4500008,3,1
365,1314397,20/08/2017,20/08/2017,,,40-44,F,111,116,115,402975,83,120.8999977,1,0
366,1314398,20/08/2017,20/08/2017,,,40-44,F,112,115,116,1137635,211,301.0499992,30,10
367,1314400,20/08/2017,20/08/2017,,,40-44,F,114,118,119,250234,40,62.31999922,4,1
368,1314401,20/08/2017,20/08/2017,,,45-49,F,100,106,101,904907,195,279.219995,11,1
369,1314402,20/08/2017,20/08/2017,,,45-49,F,101,105,105,589270,107,158.0500023,10,4
370,1314403,20/08/2017,20/08/2017,,,45-49,F,102,104,104,168714,24,36.01000071,2,2
371,1314404,19/08/2017,19/08/2017,,,45-49,F,103,105,104,71982,11,16.34000051,1,0
372,1314405,19/08/2017,19/08/2017,,,45-49,F,104,107,110,558666,110,162.6399975,14,5
373,1314406,19/08/2017,19/08/2017,,,45-49,F,105,106,109,1118200,235,333.7499943,11,4
374,1314407,19/08/2017,19/08/2017,,,45-49,F,106,112,108,107100,23,33.71000051,1,0
375,1314408,19/08/2017,19/08/2017,,,45-49,F,107,113,112,877769,160,232.5900005,13,4
376,1314409,19/08/2017,19/08/2017,,,45-49,F,108,112,112,212508,33,47.69000006,4,1
377,1314410,19/08/2017,19/08/2017,,,45-49,F,109,111,114,1129773,252,358.189997,13,2
378,1314411,19/08/2017,19/08/2017,,,45-49,F,110,111,116,637549,120,173.8800035,3,0
379,1314412,19/08/2017,19/08/2017,,,45-49,F,111,113,117,151531,28,40.28999949,2,0
380,1314414,17/08/2017,17/08/2017,,,45-49,F,113,114,117,790253,135,198.7100005,8,2
381,1314415,17/08/2017,17/08/2017,,,45-49,F,114,116,118,513161,114,165.6099987,5,2
